Timestamp,Altitude,V_vertical,A_vertical
1731585481,0.0,0.0,0.0
1731585511,0.0,0.0,0.0
1731585541,0.0,0.0,0.0
1731585571,0.0,0.0,0.0
1731585601,0.0,0.0,0.0
1731585631,0.0,0.0,0.0
1731585661,0.0,0.0,0.0
1731585691,0.0,0.0,0.0
1731585721,0.0,0.0,0.0
1731585751,0.0,0.0,0.0
1731585781,0.0,0.0,0.0
1731585811,0.0,0.0,0.0
1731585841,0.0,0.0,0.0
1731585871,0.0,0.0,0.0
1731585901,0.0,0.0,0.0
1731585931,0.0,0.0,0.0
1731585961,0.0,0.0,0.0
1731585991,0.0,0.0,0.0
1731586021,0.0,0.0,0.0
1731586051,0.0,0.0,0.0
1731586081,0.0,0.0,0.0
1731586111,0.0,0.0,0.0
1731586141,0.0,0.0,0.0
1731586171,0.0,0.0,0.0
1731586201,27.272727272727273,2.479338842975207,0.22539444027047334
1731586231,497.22222222222223,36.91358024691358,2.6848422496570645
1731586261,1909.375,48.046875,-0.244140625
1731586291,2550.0,8.333333333333334,-0.18518518518518512
1731586321,3000.0,16.666666666666668,1.3888888888888893
1731586351,3957.1428571428573,43.87755102040816,1.3575072886297377
1731586381,5186.538461538462,39.349112426035504,-0.33852981338188454
1731586411,6550.0,50.0,-6.25
1731586441,7525.0,31.25,0.0
1731586471,8085.0,14.0,0.37777777777777777
1731586501,8453.846153846154,12.79585798816568,0.06396709799076666
1731586531,8895.833333333334,17.36111111111111,0.37647537647537643
1731586561,9905.0,38.53846153846154,0.572189349112426
1731586591,10828.333333333334,28.833333333333336,-0.13796296296296293
1731586621,11688.461538461539,30.621301775147927,0.25261720527992704
1731586651,12607.03125,30.86876502403846,0.0354699129183616
1731586681,13491.935483870968,29.477757544224765,-0.05062638504982139
1731586711,14271.875,26.238029233870968,-0.09936155067150106
1731586741,14975.0,23.4375,-0.10001890120967744
1731586771,15658.333333333334,18.75,-1.4033564814814816
1731586801,16409.677419354837,25.312174817898022,2.5638335962762797
1731586831,17175.0,25.52029136316337,0.007552616562048926
1731586861,17901.5625,24.267578125,-0.04077319920249086
1731586891,18760.0,28.614583333333332,0.1449001736111111
1731586921,19962.5,40.390625,0.41455078125
1731586951,20716.129032258064,25.16746878251821,-0.5096557449187674
1731586981,21293.75,19.260332661290324,-0.19912957897047345
1731587011,21855.645161290322,18.730489073881373,-0.017701445067302226
1731587041,22399.1935483871,18.132154006243496,-0.019510926118626468
1731587071,22764.0625,12.158203125,-0.1996932491179435
1731587101,23185.9375,14.001071068548388,0.05300563530420779
1731587131,23721.09375,17.6025390625,0.1163851830267137
1731587161,24180.0,15.296875,-0.07685546874999996
1731587191,24604.6875,14.208984375,-0.040181477864583336
1731587221,25015.909090909092,13.739669421487603,-0.016885017530678684
1731587251,25266.935483870966,8.537508277362596,-0.1682282053956614
1731587281,25587.5,10.420866935483872,0.04436957352367327
1731587311,26046.774193548386,15.218522372528614,0.16086024302641735
1731587341,26489.0625,14.879977318548386,-0.0016370251325117102
1731587371,26958.870967741936,15.583539281997918,0.01901184370909001
1731587401,27482.8125,17.482043850806452,0.06832158528307102
1731587431,27974.1935483871,16.405437044745057,-0.035288158546205234
1731587461,28400.0,14.264112903225806,-0.0706762974765869
1731587491,28775.0,12.5,-0.060641381048387094
1731587521,29166.129032258064,13.020291363163372,0.016783592360108752
1731587551,29636.71875,15.613186743951612,0.08509275692434637
1731587581,30204.545454545456,18.982438016528924,0.11634602616070058
1731587611,30700.0,16.477272727272727,-0.08514656508264465
1731587641,31450.0,25.0,0.2840909090909091
1731587671,32106.25,22.0703125,-0.07379705255681818
1731587701,32466.129032258064,12.31464620187305,-0.31784911445570807
1731587731,32913.709677419356,14.802289281997918,0.06923231848544864
1731587761,33381.25,15.568296370967742,0.032067274079734656
1731587791,33831.25,15.0390625,-0.01594789566532258
1731587821,33987.93103448276,4.8909408442330555,-0.34909336528506707
1731587851,34000.0,0.5578093306288032,-0.1806686228908574
1731587881,34000.0,0.0,-0.020600912778904665
1731587911,34000.0,0.0,0.0
1731587941,34000.0,0.0,0.0
1731587971,34000.0,0.0,0.0
1731588001,34000.0,0.0,0.0
1731588031,34000.0,0.0,0.0
1731588061,34000.0,0.0,0.0
1731588091,34000.0,0.0,0.0
1731588121,34000.0,0.0,0.0
1731588151,34000.0,0.0,0.0
1731588181,34000.0,0.0,0.0
1731588211,34000.0,0.0,0.0
1731588241,34000.0,0.0,0.0
1731588271,34000.0,0.0,0.0
1731588301,34000.0,0.0,0.0
1731588331,34000.0,0.0,0.0
1731588361,34000.0,0.0,0.0
1731588391,34000.0,0.0,0.0
1731588421,34000.0,0.0,0.0
1731588451,34000.0,0.0,0.0
1731588481,34000.0,0.0,0.0
1731588511,34000.0,0.0,0.0
1731588541,34000.0,0.0,0.0
1731588571,34000.0,0.0,0.0
1731588601,34000.0,0.0,0.0
1731588631,34000.0,0.0,0.0
1731588661,34000.0,0.0,0.0
1731588691,33982.57575757576,-0.5280073461891643,-0.016000222611792857
1731588721,33990.15151515151,0.16069788797061513,0.018782870022539443
1731588751,34000.0,0.34213098729227764,0.00733376714835423
1731588781,34000.0,0.0,-0.012218963831867057
1731588811,34000.0,0.0,0.0
1731588841,34000.0,0.0,0.0
1731588871,34000.0,0.0,0.0
1731588901,34000.0,0.0,0.0
1731588931,34000.0,0.0,0.0
1731588961,34000.0,0.0,0.0
1731588991,34000.0,0.0,0.0
1731589021,34000.0,0.0,0.0
1731589051,34000.0,0.0,0.0
1731589081,34000.0,0.0,0.0
1731589111,34000.0,0.0,0.0
1731589141,34000.0,0.0,0.0
1731589171,34000.0,0.0,0.0
1731589201,34000.0,0.0,0.0
1731589231,34000.0,0.0,0.0
1731589261,34000.0,0.0,0.0
1731589291,34000.0,0.0,0.0
1731589321,34000.0,0.0,0.0
1731589351,34000.0,0.0,0.0
1731589381,34000.0,0.0,0.0
1731589411,34000.0,0.0,0.0
1731589441,34000.0,0.0,0.0
1731589471,34000.0,0.0,0.0
1731589501,34000.0,0.0,0.0
1731589531,34000.0,0.0,0.0
1731589561,34000.0,0.0,0.0
1731589591,34000.0,0.0,0.0
1731589621,34000.0,0.0,0.0
1731589651,34000.0,0.0,0.0
1731589681,34000.0,0.0,0.0
1731589711,34000.0,0.0,0.0
1731589741,34000.0,0.0,0.0
1731589771,34000.0,0.0,0.0
1731589801,34000.0,0.0,0.0
1731589831,34000.0,0.0,0.0
1731589861,34000.0,0.0,0.0
1731589891,34000.0,0.0,0.0
1731589921,34000.0,0.0,0.0
1731589951,34000.0,0.0,0.0
1731589981,34000.0,0.0,0.0
1731590011,34000.0,0.0,0.0
1731590041,34000.0,0.0,0.0
1731590071,34000.0,0.0,0.0
1731590101,34000.0,0.0,0.0
1731590131,34000.0,0.0,0.0
1731590161,34000.0,0.0,0.0
1731590191,34000.0,0.0,0.0
1731590221,34000.0,0.0,0.0
1731590251,34000.0,0.0,0.0
1731590281,34000.0,0.0,0.0
1731590311,34000.0,0.0,0.0
1731590341,34000.0,0.0,0.0
1731590371,34000.0,0.0,0.0
1731590401,34000.0,0.0,0.0
1731590431,34000.0,0.0,0.0
1731590461,34000.0,0.0,0.0
1731590491,34000.0,0.0,0.0
1731590521,34000.0,0.0,0.0
1731590551,34000.0,0.0,0.0
1731590581,34000.0,0.0,0.0
1731590611,34000.0,0.0,0.0
1731590641,34000.0,0.0,0.0
1731590671,34000.0,0.0,0.0
1731590701,34000.0,0.0,0.0
1731590731,34000.0,0.0,0.0
1731590761,34000.0,0.0,0.0
1731590791,34000.0,0.0,0.0
1731590821,34000.0,0.0,0.0
1731590851,34000.0,0.0,0.0
1731590881,34000.0,0.0,0.0
1731590911,34000.0,0.0,0.0
1731590941,34000.0,0.0,0.0
1731590971,34000.0,0.0,0.0
1731591001,34000.0,0.0,0.0
1731591031,34000.0,0.0,0.0
1731591061,34000.0,0.0,0.0
1731591091,34000.0,0.0,0.0
1731591121,34000.0,0.0,0.0
1731591151,34000.0,0.0,0.0
1731591181,34000.0,0.0,0.0
1731591211,34000.0,0.0,0.0
1731591241,34000.0,0.0,0.0
1731591271,34000.0,0.0,0.0
1731591301,34000.0,0.0,0.0
1731591331,34000.0,0.0,0.0
1731591361,34000.0,0.0,0.0
1731591391,34000.0,0.0,0.0
1731591421,34000.0,0.0,0.0
1731591451,34000.0,0.0,0.0
1731591481,34000.0,0.0,0.0
1731591511,34000.0,0.0,0.0
1731591541,34000.0,0.0,0.0
1731591571,34000.0,0.0,0.0
1731591601,34000.0,0.0,0.0
1731591631,34004.31034482759,0.14863258026159332,0.005125261388330805
1731591661,34089.28571428572,2.5510204081632653,0.07288629737609328
1731591691,34415.0,10.857142857142856,0.27687074829931974
1731591721,34864.393939393936,14.981634527089073,0.13797160904598924
1731591751,35296.21212121212,14.43067033976125,-0.008594405288620155
1731591781,35675.0,12.736742424242424,-0.05408308941689625
1731591811,35941.666666666664,9.217171717171718,-0.11203416743189469
1731591841,36000.0,2.696078431372549,-0.20665128796616686
1731591871,36000.0,0.0,-0.10398098633392752
1731591901,36000.0,0.0,0.0
1731591931,36000.0,0.0,0.0
1731591961,36000.0,0.0,0.0
1731591991,36000.0,0.0,0.0
1731592021,36000.0,0.0,0.0
1731592051,36000.0,0.0,0.0
1731592081,36000.0,0.0,0.0
1731592111,36000.0,0.0,0.0
1731592141,36000.0,0.0,0.0
1731592171,36000.0,0.0,0.0
1731592201,36000.0,0.0,0.0
1731592231,36000.0,0.0,0.0
1731592261,36000.0,0.0,0.0
1731592291,36000.0,0.0,0.0
1731592321,36000.0,0.0,0.0
1731592351,36000.0,0.0,0.0
1731592381,36000.0,0.0,0.0
1731592411,36000.0,0.0,0.0
1731592441,36000.0,0.0,0.0
1731592471,36000.0,0.0,0.0
1731592501,36000.0,0.0,0.0
1731592531,36000.0,0.0,0.0
1731592561,36000.0,0.0,0.0
1731592591,36000.0,0.0,0.0
1731592621,36000.0,0.0,0.0
1731592651,36000.0,0.0,0.0
1731592681,36017.96875,0.5615234375,0.017547607421875
1731592711,36009.55882352941,-0.15543901384083048,-0.018214888274730306
1731592741,36000.0,-0.33206831119544594,-0.007136565680933578
1731592771,36000.0,0.0,0.012218963831867057
1731592801,36000.0,0.0,0.0
1731592831,36008.333333333336,0.2525252525252525,0.007652280379553106
1731592861,36018.93939393939,0.39026629935720847,0.006260956674179814
1731592891,36000.0,-0.6392045454545454,-0.035040569042699726
1731592921,36000.0,0.0,0.021454782196969696
1731592951,36000.0,0.0,0.0
1731592981,36000.0,0.0,0.0
1731593011,36000.0,0.0,0.0
1731593041,36000.0,0.0,0.0
1731593071,36000.0,0.0,0.0
1731593101,36000.0,0.0,0.0
1731593131,36000.0,0.0,0.0
1731593161,36000.0,0.0,0.0
1731593191,36000.0,0.0,0.0
1731593221,36000.0,0.0,0.0
1731593251,36000.0,0.0,0.0
1731593281,36000.0,0.0,0.0
1731593311,36000.0,0.0,0.0
1731593341,36000.0,0.0,0.0
1731593371,36000.0,0.0,0.0
1731593401,36000.0,0.0,0.0
1731593431,36000.0,0.0,0.0
1731593461,36000.0,0.0,0.0
1731593491,36000.0,0.0,0.0
1731593521,36000.0,0.0,0.0
1731593551,36000.0,0.0,0.0
1731593581,36000.0,0.0,0.0
1731593611,36000.0,0.0,0.0
1731593641,36000.0,0.0,0.0
1731593671,36000.0,0.0,0.0
1731593701,36000.0,0.0,0.0
1731593731,36000.0,0.0,0.0
1731593761,36000.0,0.0,0.0
1731593791,36000.0,0.0,0.0
1731593821,36000.0,0.0,0.0
1731593851,36000.0,0.0,0.0
1731593881,36000.0,0.0,0.0
1731593911,36000.0,0.0,0.0
1731593941,36000.0,0.0,0.0
1731593971,36000.0,0.0,0.0
1731594001,36000.0,0.0,0.0
1731594031,36000.0,0.0,0.0
1731594061,36000.0,0.0,0.0
1731594091,36000.0,0.0,0.0
1731594121,36000.0,0.0,0.0
1731594151,36000.0,0.0,0.0
1731594181,36000.0,0.0,0.0
1731594211,36000.0,0.0,0.0
1731594241,36000.0,0.0,0.0
1731594271,36000.0,0.0,0.0
1731594301,36000.0,0.0,0.0
1731594331,36000.0,0.0,0.0
1731594361,36000.0,0.0,0.0
1731594391,36000.0,0.0,0.0
1731594421,36000.0,0.0,0.0
1731594451,36000.0,0.0,0.0
1731594481,36000.0,0.0,0.0
1731594511,36000.0,0.0,0.0
1731594541,36000.0,0.0,0.0
1731594571,36000.0,0.0,0.0
1731594601,36000.0,0.0,0.0
1731594631,36000.0,0.0,0.0
1731594661,36000.0,0.0,0.0
1731594691,36000.0,0.0,0.0
1731594721,36000.0,0.0,0.0
1731594751,36000.0,0.0,0.0
1731594781,36000.0,0.0,0.0
1731594811,36000.0,0.0,0.0
1731594841,36000.0,0.0,0.0
1731594871,36000.0,0.0,0.0
1731594901,36000.0,0.0,0.0
1731594931,36000.0,0.0,0.0
1731594961,36000.0,0.0,0.0
1731594991,36000.0,0.0,0.0
1731595021,36000.0,0.0,0.0
1731595051,36000.0,0.0,0.0
1731595081,36000.0,0.0,0.0
1731595111,36000.0,0.0,0.0
1731595141,36000.0,0.0,0.0
1731595171,36000.0,0.0,0.0
1731595201,36000.0,0.0,0.0
1731595231,36000.0,0.0,0.0
1731595261,36000.0,0.0,0.0
1731595291,36000.0,0.0,0.0
1731595321,36000.0,0.0,0.0
1731595351,36000.0,0.0,0.0
1731595381,36000.0,0.0,0.0
1731595411,36000.0,0.0,0.0
1731595441,36000.0,0.0,0.0
1731595471,36000.0,0.0,0.0
1731595501,36000.0,0.0,0.0
1731595531,36000.0,0.0,0.0
1731595561,36000.0,0.0,0.0
1731595591,36000.0,0.0,0.0
1731595621,36000.0,0.0,0.0
1731595651,36000.0,0.0,0.0
1731595681,36000.0,0.0,0.0
1731595711,36000.0,0.0,0.0
1731595741,35982.25806451613,-0.5723204994797086,-0.018461951596119634
1731595771,35992.5,0.3413978494623655,0.030457278298069133
1731595801,36016.93548387097,0.8151231356226153,0.017044670463488225
1731595831,35993.75,-0.6741431451612905,-0.04659376829149324
1731595861,35988.63636363636,-0.29700413223140476,0.004698478764248726
1731595891,36012.096774193546,0.7812253649922745,0.037049510426155605
1731595921,36014.705882352944,0.1716151356178145,-0.0177442255116683
1731595951,35992.1875,-0.749655330882353,-0.03162379349458296
1731595981,35981.25,-0.390625,0.011129940257352942
1731596011,36000.0,0.634765625,0.03509521484375
1731596041,36000.0,0.0,-0.0213623046875
1731596071,36000.0,0.0,0.0
1731596101,36000.0,0.0,0.0
1731596131,36000.0,0.0,0.0
1731596161,36000.0,0.0,0.0
1731596191,36000.0,0.0,0.0
1731596221,36000.0,0.0,0.0
1731596251,36000.0,0.0,0.0
1731596281,36000.0,0.0,0.0
1731596311,36000.0,0.0,0.0
1731596341,36000.0,0.0,0.0
1731596371,36000.0,0.0,0.0
1731596401,36000.0,0.0,0.0
1731596431,36000.0,0.0,0.0
1731596461,36000.0,0.0,0.0
1731596491,36000.0,0.0,0.0
1731596521,36000.0,0.0,0.0
1731596551,36000.0,0.0,0.0
1731596581,36000.0,0.0,0.0
1731596611,36000.0,0.0,0.0
1731596641,36000.0,0.0,0.0
1731596671,36000.0,0.0,0.0
1731596701,36000.0,0.0,0.0
1731596731,36000.0,0.0,0.0
1731596761,36000.0,0.0,0.0
1731596791,36000.0,0.0,0.0
1731596821,36000.0,0.0,0.0
1731596851,36000.0,0.0,0.0
1731596881,36000.0,0.0,0.0
1731596911,36000.0,0.0,0.0
1731596941,36000.0,0.0,0.0
1731596971,36000.0,0.0,0.0
1731597001,36000.0,0.0,0.0
1731597031,36000.0,0.0,0.0
1731597061,36000.0,0.0,0.0
1731597091,36000.0,0.0,0.0
1731597121,36000.0,0.0,0.0
1731597151,36000.0,0.0,0.0
1731597181,36000.0,0.0,0.0
1731597211,36000.0,0.0,0.0
1731597241,36000.0,0.0,0.0
1731597271,36000.0,0.0,0.0
1731597301,36000.0,0.0,0.0
1731597331,36000.0,0.0,0.0
1731597361,36000.0,0.0,0.0
1731597391,36000.0,0.0,0.0
1731597421,36000.0,0.0,0.0
1731597451,36000.0,0.0,0.0
1731597481,36000.0,0.0,0.0
1731597511,36000.0,0.0,0.0
1731597541,36000.0,0.0,0.0
1731597571,36000.0,0.0,0.0
1731597601,36000.0,0.0,0.0
1731597631,36000.0,0.0,0.0
1731597661,36000.0,0.0,0.0
1731597691,36000.0,0.0,0.0
1731597721,36000.0,0.0,0.0
1731597751,36000.0,0.0,0.0
1731597781,36000.0,0.0,0.0
1731597811,36000.0,0.0,0.0
1731597841,36000.0,0.0,0.0
1731597871,36000.0,0.0,0.0
1731597901,36000.0,0.0,0.0
1731597931,36000.0,0.0,0.0
1731597961,36000.0,0.0,0.0
1731597991,36000.0,0.0,0.0
1731598021,36000.0,0.0,0.0
1731598051,36000.0,0.0,0.0
1731598081,36000.0,0.0,0.0
1731598111,36000.0,0.0,0.0
1731598141,36000.0,0.0,0.0
1731598171,36000.0,0.0,0.0
1731598201,36000.0,0.0,0.0
1731598231,36000.0,0.0,0.0
1731598261,36000.0,0.0,0.0
1731598291,36000.0,0.0,0.0
1731598321,36000.0,0.0,0.0
1731598351,36000.0,0.0,0.0
1731598381,36000.0,0.0,0.0
1731598411,36000.0,0.0,0.0
1731598441,36000.0,0.0,0.0
1731598471,36000.0,0.0,0.0
1731598501,36000.0,0.0,0.0
1731598531,36000.0,0.0,0.0
1731598561,36000.0,0.0,0.0
1731598591,36000.0,0.0,0.0
1731598621,36000.0,0.0,0.0
1731598651,36000.0,0.0,0.0
1731598681,36000.0,0.0,0.0
1731598711,36021.77419354839,0.7023933402705514,0.02265784968614682
1731598741,36004.032258064515,-0.5463059313215402,-0.039441442046255576
1731598771,36000.0,-0.1560874089490114,0.01090933503407069
1731598801,36000.0,0.0,0.005874257326038065
1731598831,36016.91176470588,0.49740484429065746,0.014629554243842866
1731598861,36009.67741935484,-0.20964681398053497,-0.022110495506236703
1731598891,36000.0,-0.3381893860561914,-0.005750848558684324
1731598921,36000.0,0.0,0.01219432882414152
1731598951,36000.0,0.0,0.0
1731598981,36000.0,0.0,0.0
1731599011,35989.51612903226,-0.3381893860561915,-0.010909335034070692
1731599041,35984.67741935484,-0.18210197710718,0.004195898090027187
1731599071,36000.0,0.5202913631633714,0.0243362089221577
1731599101,36000.0,0.0,-0.017885015608740895
1731599131,36000.0,0.0,0.0
1731599161,36000.0,0.0,0.0
1731599191,36000.0,0.0,0.0
1731599221,36000.0,0.0,0.0
1731599251,36000.0,0.0,0.0
1731599281,36000.0,0.0,0.0
1731599311,36000.0,0.0,0.0
1731599341,36000.0,0.0,0.0
1731599371,36000.0,0.0,0.0
1731599401,36000.0,0.0,0.0
1731599431,36000.0,0.0,0.0
1731599461,36016.93548387097,0.54630593132154,0.017622771978114196
1731599491,36009.375,-0.18586189516129037,-0.02125433406770291
1731599521,36000.0,-0.341796875,-0.00797394783266129
1731599551,36000.0,0.0,0.01220703125
1731599581,36000.0,0.0,0.0
1731599611,36000.0,0.0,0.0
1731599641,36000.0,0.0,0.0
1731599671,36000.0,0.0,0.0
1731599701,36000.0,0.0,0.0
1731599731,36000.0,0.0,0.0
1731599761,36000.0,0.0,0.0
1731599791,36000.0,0.0,0.0
1731599821,36000.0,0.0,0.0
1731599851,36000.0,0.0,0.0
1731599881,36000.0,0.0,0.0
1731599911,36000.0,0.0,0.0
1731599941,36000.0,0.0,0.0
1731599971,36000.0,0.0,0.0
1731600001,36000.0,0.0,0.0
1731600031,36000.0,0.0,0.0
1731600061,36000.0,0.0,0.0
1731600091,36000.0,0.0,0.0
1731600121,36000.0,0.0,0.0
1731600151,36000.0,0.0,0.0
1731600181,36000.0,0.0,0.0
1731600211,36000.0,0.0,0.0
1731600241,36000.0,0.0,0.0
1731600271,36000.0,0.0,0.0
1731600301,35975.0,-1.9121004566210047,-0.15816887679572988
1731600331,35975.0,-1.4840182648401827,-0.11956329100727676
1731600361,35975.0,-1.0559360730593608,-0.08095770521882364
1731600391,35975.0,-0.6278538812785388,-0.04235211943037054
1731600421,35975.0,-0.19977168949771684,-0.0037465336419174045
1731600451,35996.05263157895,1.10803324099723,0.06057060316712169
1731600481,36000.0,1.1268197088465846,0.058301142142005324
1731600511,36000.0,0.9168533034714446,0.04613343611942582
1731600541,36000.0,0.7068868980963047,0.03396573009684632
1731600571,36000.0,0.4969204927211647,0.02179802407426682
1731600601,36000.0,0.28695408734602457,0.00963031805168732
1731600631,36000.0,0.07698768197088457,-0.0025373879708921743
1731600661,36030.645161290326,0.9885535900104058,0.02917958154388225
1731600691,35997.05882352941,-0.7980801428730886,-0.04642697610641606
1731600721,35973.333333333336,-0.7908496732026142,0.00024101565568249161
1731600751,36010.9375,1.279296875,0.07429175283394608
1731600781,35995.967741935485,-0.4576938085327784,-0.05692451465697135
1731600811,35967.74193548387,-0.9885535900104061,-0.020455003188882562
1731600841,36016.12903225807,1.6129032258064515,0.08811385989057097
1731600871,36020.967741935485,0.20811654526534862,-0.04531569937229364
1731600901,35930.645161290326,-3.0176899063475546,-0.10909335034070691
1731600931,35739.51612903226,-6.243496357960458,-0.1032190930146689
1731600961,35120.16129032258,-20.60353798126951,-0.48084992111711594
1731600991,34281.45161290323,-27.88761706555671,-0.2416837299855661
1731601021,33129.83870967742,-38.397502601456814,-0.352455439562284
1731601051,32093.506493506495,-35.61009581118504,0.08383715455290319
1731601081,31528.571428571428,-28.807828116583877,0.14177165533687713
1731601111,30963.636363636364,-22.005560421982707,0.19970615612085107
1731601141,30412.5,-18.399959415584416,0.12684642248036576
1731601171,29854.032258064515,-18.59472554630593,-0.005413404588628705
1731601201,29286.666666666668,-18.912186379928315,-0.010582027787412795
1731601231,28740.0,-19.207407407407405,-0.11371193415637855
1731601261,28290.0,-17.42962962962963,-0.04062551440329215
1731601291,27840.0,-15.651851851851852,0.03246090534979425
1731601321,27689.84375,-5.6298828125,0.3168902361834491
1731601351,27685.833333333332,-0.13368055555555558,0.18320674189814812
1731601381,27716.129032258064,0.950398890045092,0.03323419358568397
1731601411,27800.3125,3.486049107142857,0.14499924780900264
1731601441,27884.6875,3.201450892857143,0.07972353444906188
1731601471,27969.0625,2.916852678571429,0.014447821089121127
1731601501,27986.029411764706,0.829909169550173,-0.062496762870373056
1731601531,27986.71875,-0.0244140625,-0.03321928136488969
1731601561,28000.0,0.48253676470588236,0.020485848291522495
1731601591,28077.34375,2.4169921875,0.059015610638786756
1731601621,28417.1875,11.1572265625,0.2899169921875
1731601651,29019.696969696968,20.1044536271809,0.3044199962782091
1731601681,29582.8125,18.781072443181817,-0.0439562416602101
1731601711,30075.0,16.40625,-0.07916074810606055
1731601741,30534.677419354837,15.35753772112383,-0.03638300087039456
1731601771,30980.46875,14.88864037298387,-0.01683785937703238
1731601801,31250.0,8.333333333333334,-0.24112654320987653
1731601831,31585.29411764706,8.534025374855824,-0.22363362947383233
1731601861,31920.58823529412,8.734717416378317,-0.20614071573778814
1731601891,32255.882352941175,8.935409457900807,-0.18864780200174391
1731601921,32591.176470588234,9.1361014994233,-0.17115488826569972
1731601951,32926.470588235294,9.33679354094579,-0.15366197452965552
1731601981,33261.76470588235,9.537485582468282,-0.1361690607936113
1731602011,33597.05882352941,9.738177623990772,-0.1186761470575671
1731602041,33932.35294117647,9.938869665513264,-0.1011832333215229
1731602071,34267.64705882353,10.139561707035755,-0.08369031958547868
1731602101,34602.94117647059,10.340253748558247,-0.06619740584943448
1731602131,34938.23529411765,10.540945790080738,-0.048704492113390285
1731602161,35273.529411764706,10.74163783160323,-0.03121157837734609
1731602191,35608.82352941176,10.94232987312572,-0.013718664641301864
1731602221,35944.117647058825,11.143021914648212,0.0037742490947423324
1731602251,36000.0,2.1631878557874753,-0.28945626852075224
1731602281,36000.0,0.0,-0.3428726329241374
1731602311,36000.0,0.0,-0.32079928745691827
1731602341,36000.0,0.0,-0.2987259419896991
1731602371,36000.0,0.0,-0.27665259652248
1731602401,36000.0,0.0,-0.2545792510552608
1731602431,36000.0,0.0,-0.23250590558804166
1731602461,36000.0,0.0,-0.2104325601208225
1731602491,36000.0,0.0,-0.18835921465360336
1731602521,36000.0,0.0,-0.16628586918638422
1731602551,36000.0,0.0,-0.14421252371916507
1731602581,36000.0,0.0,-0.12213917825194592
1731602611,36000.0,0.0,-0.1000658327847268
1731602641,36000.0,0.0,-0.07799248731750763
1731602671,36000.0,0.0,-0.055919141850288456
1731602701,36000.0,0.0,-0.03384579638306934
1731602731,36000.0,0.0,-0.011772450915850163
1731602761,36000.0,0.0,0.0
1731602791,36000.0,0.0,0.0
1731602821,36000.0,0.0,0.0
1731602851,36000.0,0.0,0.0
1731602881,36000.0,0.0,0.0
1731602911,36000.0,0.0,0.0
1731602941,36000.0,0.0,0.0
1731602971,36000.0,0.0,0.0
1731603001,36000.0,0.0,0.0
1731603031,36000.0,0.0,0.0
1731603061,36000.0,0.0,0.0
1731603091,36000.0,0.0,0.0
1731603121,36000.0,0.0,0.0
1731603151,36000.0,0.0,0.0
1731603181,36000.0,0.0,0.0
1731603211,36000.0,0.0,0.0
1731603241,36000.0,0.0,0.0
1731603271,36000.0,0.0,0.0
1731603301,36000.0,0.0,0.0
1731603331,36000.0,0.0,0.0
1731603361,36000.0,0.0,0.0
1731603391,36000.0,0.0,0.0
1731603421,36000.0,0.0,0.0
1731603451,36000.0,0.0,0.0
1731603481,36000.0,0.0,0.0
1731603511,36000.0,0.0,0.0
1731603541,36000.0,0.0,0.0
1731603571,36000.0,0.0,0.0
1731603601,36000.0,0.0,0.0
1731603631,36000.0,0.0,0.0
1731603661,36000.0,0.0,0.0
1731603691,36000.0,0.0,0.0
1731603721,36000.0,0.0,0.0
1731603751,36000.0,0.0,0.0
1731603781,36000.0,0.0,0.0
1731603811,36000.0,0.0,0.0
1731603841,36000.0,0.0,0.0
1731603871,36000.0,0.0,0.0
1731603901,36000.0,0.0,0.0
1731603931,36000.0,0.0,0.0
1731603961,36000.0,0.0,0.0
1731603991,36000.0,0.0,0.0
1731604021,36000.0,0.0,0.0
1731604051,36000.0,0.0,0.0
1731604081,36000.0,0.0,0.0
1731604111,36000.0,0.0,0.0
1731604141,36000.0,0.0,0.0
1731604171,36000.0,0.0,0.0
1731604201,36000.0,0.0,0.0
1731604231,36000.0,0.0,0.0
1731604261,36000.0,0.0,0.0
1731604291,36000.0,0.0,0.0
1731604321,36000.0,0.0,0.0
1731604351,36000.0,0.0,0.0
1731604381,36000.0,0.0,0.0
1731604411,36000.0,0.0,0.0
1731604441,36000.0,0.0,0.0
1731604471,36000.0,0.0,0.0
1731604501,36000.0,0.0,0.0
1731604531,36000.0,0.0,0.0
1731604561,36000.0,0.0,0.0
1731604591,36000.0,0.0,0.0
1731604621,36000.0,0.0,0.0
1731604651,36000.0,0.0,0.0
1731604681,36000.0,0.0,0.0
1731604711,36000.0,0.0,0.0
1731604741,36000.0,0.0,0.0
1731604771,36000.0,0.0,0.0
1731604801,36000.0,0.0,0.0
1731604831,36000.0,0.0,0.0
1731604861,36000.0,0.0,0.0
1731604891,35966.14268440145,-0.013646640708806518,-5.500459777834147e-06
1731604921,35929.86698911729,-0.028268041468242074,-1.1393809539799304e-05
1731604951,35893.59129383313,-0.042889442227677634,-1.7287159301764463e-05
1731604981,35857.31559854897,-0.05751084298711319,-2.3180509063729618e-05
1731605011,35821.03990326481,-0.07213224374654874,-2.9073858825694776e-05
1731605041,35784.764207980654,-0.0867536445059843,-3.4967208587659934e-05
1731605071,35748.488512696495,-0.10137504526541985,-4.086055834962509e-05
1731605101,35712.212817412335,-0.11599644602485541,-4.675390811159025e-05
1731605131,35675.937122128176,-0.13061784678429098,-5.264725787355541e-05
1731605161,35639.66142684402,-0.14523924754372652,-5.8540607635520566e-05
1731605191,35603.38573155986,-0.15986064830316207,-6.443395739748572e-05
1731605221,35567.1100362757,-0.17448204906259762,-7.032730715945088e-05
1731605251,35530.83434099153,-0.1891034498220332,-7.622065692141604e-05
1731605281,35494.55864570737,-0.20372485058146875,-8.211400668338119e-05
1731605311,35458.282950423214,-0.2183462513409043,-8.800735644534636e-05
1731605341,35422.007255139055,-0.23296765210033987,-9.390070620731151e-05
1731605371,35385.731559854896,-0.24758905285977542,-9.979405596927667e-05
1731605401,35349.45586457074,-0.26221045361921097,-0.00010568740573124182
1731605431,35313.18016928658,-0.27683185437864655,-0.00011158075549320697
1731605461,35276.90447400242,-0.29145325513808207,-0.00011747410525517214
1731605491,35240.62877871826,-0.30607465589751764,-0.0001233674550171373
1731605521,35204.3530834341,-0.3206960566569532,-0.00012926080477910246
1731605551,35168.07738814994,-0.33531745741638874,-0.00013515415454106762
1731605581,35131.80169286578,-0.3499388581758243,-0.00014104750430303276
1731605611,35095.52599758162,-0.36456025893525984,-0.00014694085406499792
1731605641,35059.25030229746,-0.3791816596946954,-0.0001528342038269631
1731605671,35022.974607013304,-0.393803060454131,-0.00015872755358892825
1731605701,34986.69891172914,-0.4084244612135665,-0.0001646209033508934
1731605731,34950.42321644498,-0.4230458619730021,-0.00017051425311285855
1731605761,34914.14752116082,-0.43766726273243767,-0.00017640760287482372
1731605791,34877.87182587666,-0.4522886634918732,-0.00018230095263678886
1731605821,34841.5961305925,-0.46691006425130877,-0.00018819430239875402
1731605851,34805.32043530834,-0.4815314650107443,-0.00019408765216071919
1731605881,34769.04474002418,-0.49615286577017986,-0.00019998100192268435
1731605911,34732.769044740024,-0.5107742665296154,-0.0002058743516846495
1731605941,34696.493349455865,-0.525395667289051,-0.00021176770144661465
1731605971,34660.217654171705,-0.5400170680484865,-0.00021766105120857982
1731606001,34623.941958887546,-0.5546384688079221,-0.00022355440097054498
1731606031,34587.66626360339,-0.5692598695673576,-0.00022944775073251012
1731606061,34551.39056831923,-0.5838812703267932,-0.00023534110049447529
1731606091,34515.11487303507,-0.5985026710862288,-0.00024123445025644045
1731606121,34478.83917775091,-0.6131240718456643,-0.0002471278000184056
1731606151,34442.56348246675,-0.6277454726050998,-0.00025302114978037075
1731606181,34406.28778718259,-0.6423668733645355,-0.0002589144995423359
1731606211,34370.012091898425,-0.656988274123971,-0.0002648078493043011
1731606241,34333.736396614266,-0.6716096748834065,-0.0002707011990662662
1731606271,34297.46070133011,-0.6862310756428421,-0.0002765945488282314
1731606301,34261.18500604595,-0.7008524764022777,-0.00028248789859019655
1731606331,34224.90931076179,-0.7154738771617132,-0.0002883812483521617
1731606361,34188.63361547763,-0.7300952779211488,-0.0002942745981141269
1731606391,34152.35792019347,-0.7447166786805843,-0.000300167947876092
1731606421,34116.08222490931,-0.7593380794400199,-0.00030606129763805715
1731606451,34079.80652962515,-0.7739594801994555,-0.00031195464740002235
1731606481,34043.53083434099,-0.788580880958891,-0.0003178479971619875
1731606511,34007.25513905683,-0.8032022817183265,-0.0003237413469239526
1731606541,33970.979443772674,-0.817823682477762,-0.0003296346966859178
1731606571,33934.703748488515,-0.8324450832371977,-0.00033552804644788295
1731606601,33898.428053204356,-0.8470664839966332,-0.00034142139620984814
1731606631,33862.1523579202,-0.8616878847560687,-0.0003473147459718133
1731606661,33825.87666263603,-0.8763092855155044,-0.0003532080957337784
1731606691,33789.60096735187,-0.8909306862749399,-0.0003591014454957436
1731606721,33753.32527206771,-0.9055520870343754,-0.00036499479525770875
1731606751,33717.04957678355,-0.920173487793811,-0.0003708881450196739
1731606781,33680.77388149939,-0.9347948885532466,-0.0003767814947816391
1731606811,33644.498186215234,-0.9494162893126821,-0.0003826748445436042
1731606841,33608.222490931075,-0.9640376900721177,-0.00038856819430556935
1731606871,33571.946795646916,-0.9786590908315532,-0.00039446154406753454
1731606901,33535.67110036276,-0.9932804915909887,-0.0004003548938294997
1731606931,33499.3954050786,-1.0079018923504244,-0.0004062482435914649
1731606961,33463.11970979444,-1.0225232931098598,-0.00041214159335343
1731606991,33426.84401451028,-1.0371446938692954,-0.00041803494311539515
1731607021,33390.56831922612,-1.051766094628731,-0.00042392829287736034
1731607051,33354.29262394196,-1.0663874953881665,-0.0004298216426393255
1731607081,33318.0169286578,-1.081008896147602,-0.0004357149924012906
1731607111,33281.74123337364,-1.0956302969070377,-0.0004416083421632558
1731607141,33245.465538089484,-1.1102516976664731,-0.00044750169192522095
1731607171,33209.18984280532,-1.1248730984259088,-0.0004533950416871861
1731607201,33172.91414752116,-1.1394944991853444,-0.0004592883914491513
1731607231,33136.638452237,-1.1541158999447798,-0.0004651817412111164
1731607261,33100.36275695284,-1.1687373007042154,-0.0004710750909730816
1731607291,33064.08706166868,-1.183358701463651,-0.00047696844073504674
1731607321,33027.81136638452,-1.1979801022230865,-0.0004828617904970119
1731607351,33000.0,-1.1957544001074836,-0.0004606385921795368
1731607381,33000.0,-1.1381739314024684,-0.00034603245017247197
1731607411,33000.0,-1.0805934626974532,-0.00023142630816540716
1731607441,33000.0,-1.0230129939924377,-0.00011682016615834241
1731607471,33000.0,-0.9654325252874225,-2.214024151277606e-06
1731607501,33000.0,-0.9078520565824073,0.0001123921178557872
1731607531,33000.0,-0.8502715878773921,0.000226998259862852
1731607561,33000.0,-0.7926911191723768,0.0003416044018699168
1731607591,33000.0,-0.7351106504673615,0.0004562105438769815
1731607621,33000.0,-0.6775301817623463,0.0005708166858840463
1731607651,33000.0,-0.619949713057331,0.0006854228278911112
1731607681,33000.0,-0.5623692443523157,0.0008000289698981759
1731607711,33000.0,-0.5047887756473005,0.0009146351119052406
1731607741,33000.0,-0.4472083069422852,0.0010292412539123054
1731607771,33000.0,-0.38962783823727,0.0011438473959193701
1731607801,33000.0,-0.33204736953225467,0.0012584535379264353
1731607831,33000.0,-0.27446690082723946,0.0013730596799335
1731607861,33000.0,-0.21688643212222425,0.0014876658219405646
1731607891,33000.0,-0.15930596341720893,0.0016022719639476293
1731607921,33000.0,-0.10172549471219372,0.001716878105954694
1731607951,33000.0,-0.04414502600717851,0.0018314842479617587
1731607981,33000.0,0.0,0.0014859475794842647
1731608011,33000.0,0.0,0.0
1731608041,33000.0,0.0,0.0
1731608071,33000.0,0.0,0.0
1731608101,33000.0,0.0,0.0
1731608131,33000.0,0.0,0.0
1731608161,33000.0,0.0,0.0
1731608191,33000.0,0.0,0.0
1731608221,33000.0,0.0,0.0
1731608251,33000.0,0.0,0.0
1731608281,33000.0,0.0,0.0
1731608311,33000.0,0.0,0.0
1731608341,33000.0,0.0,0.0
1731608371,33000.0,0.0,0.0
1731608401,33000.0,0.0,0.0
1731608431,33000.0,0.0,0.0
1731608461,33000.0,0.0,0.0
1731608491,33000.0,0.0,0.0
1731608521,33000.0,0.0,0.0
1731608551,33015.625,0.48828125,0.0152587890625
1731608581,33250.0,7.373046875,0.2166748046875
1731608611,33650.0,13.28125,0.20751953125
1731608641,34050.0,13.37890625,0.006103515625
1731608671,34434.375,12.79296875,-0.0213623046875
1731608701,34780.882352941175,11.753892733564014,-0.027688816659881953
1731608731,34979.6875,6.718175551470588,-0.16691214485564448
1731608761,35000.0,0.6865530303030303,-0.2035349209845784
1731608791,35000.0,0.0,-0.022910557184750734
1731608821,35000.0,0.0,0.0
1731608851,35000.0,0.0,0.0
1731608881,35000.0,0.0,0.0
1731608911,35000.0,0.0,0.0
1731608941,35000.0,0.0,0.0
1731608971,35000.0,0.0,0.0
1731609001,35000.0,0.0,0.0
1731609031,35000.0,0.0,0.0
1731609061,35000.0,0.0,0.0
1731609091,35000.0,0.0,0.0
1731609121,35000.0,0.0,0.0
1731609151,35000.0,0.0,0.0
1731609181,35000.0,0.0,0.0
1731609211,35000.0,0.0,0.0
1731609241,35000.0,0.0,0.0
1731609271,35000.0,0.0,0.0
1731609301,35000.0,0.0,0.0
1731609331,35000.0,0.0,0.0
1731609361,35000.0,0.0,0.0
1731609391,35000.0,0.0,0.0
1731609421,35000.0,0.0,0.0
1731609451,35000.0,0.0,0.0
1731609481,35000.0,0.0,0.0
1731609511,35000.0,0.0,0.0
1731609541,35000.0,0.0,0.0
1731609571,35000.0,0.0,0.0
1731609601,35000.0,0.0,0.0
1731609631,35000.0,0.0,0.0
1731609661,35000.0,0.0,0.0
1731609691,35000.0,0.0,0.0
1731609721,35000.0,0.0,0.0
1731609751,35000.0,0.0,0.0
1731609781,35000.0,0.0,0.0
1731609811,35000.0,0.0,0.0
1731609841,35000.0,0.0,0.0
1731609871,35000.0,0.0,0.0
1731609901,35000.0,0.0,0.0
1731609931,35000.0,0.0,0.0
1731609961,35000.0,0.0,0.0
1731609991,35000.0,0.0,0.0
1731610021,35000.0,0.0,0.0
1731610051,35000.0,0.0,0.0
1731610081,35000.0,0.0,0.0
1731610111,35000.0,0.0,0.0
1731610141,35000.0,0.0,0.0
1731610171,35000.0,0.0,0.0
1731610201,35000.0,0.0,0.0
1731610231,35000.01458333333,7.595486111111111e-06,3.955982349537037e-09
1731610261,35000.07708333333,4.0147569444444445e-05,2.091019241898148e-08
1731610291,35000.13958333333,7.269965277777777e-05,3.786440248842593e-08
1731610321,35000.20208333333,0.00010525173611111111,5.481861255787037e-08
1731610351,35000.26458333333,0.00013780381944444444,7.177282262731482e-08
1731610381,35000.32708333333,0.0001703559027777778,8.872703269675925e-08
1731610411,35000.38958333333,0.00020290798611111112,1.056812427662037e-07
1731610441,35000.45208333333,0.00023546006944444444,1.2263545283564815e-07
1731610471,35000.51458333333,0.00026801215277777777,1.395896629050926e-07
1731610501,35000.57708333333,0.0003005642361111111,1.5654387297453704e-07
1731610531,35000.63958333333,0.0003331163194444444,1.734980830439815e-07
1731610561,35000.70208333333,0.0003656684027777778,1.904522931134259e-07
1731610591,35000.76458333333,0.00039822048611111113,2.0740650318287036e-07
1731610621,35000.82708333333,0.00043077256944444445,2.243607132523148e-07
1731610651,35000.88958333333,0.0004633246527777778,2.413149233217593e-07
1731610681,35000.95208333333,0.0004958767361111111,2.582691333912037e-07
1731610711,35001.01458333333,0.0005284288194444444,2.752233434606481e-07
1731610741,35001.07708333333,0.0005609809027777778,2.9217755353009257e-07
1731610771,35001.13958333333,0.0005935329861111111,3.09131763599537e-07
1731610801,35001.20208333333,0.0006260850694444444,3.2608597366898147e-07
1731610831,35001.26458333333,0.0006586371527777777,3.430401837384259e-07
1731610861,35001.32708333333,0.0006911892361111111,3.5999439380787036e-07
1731610891,35001.38958333333,0.0007237413194444445,3.769486038773148e-07
1731610921,35001.45208333333,0.0007562934027777778,3.9390281394675926e-07
1731610951,35001.51458333333,0.0007888454861111111,4.108570240162037e-07
1731610981,35001.57708333333,0.0008213975694444445,4.2781123408564815e-07
1731611011,35001.63958333333,0.0008539496527777778,4.447654441550926e-07
1731611041,35001.70208333333,0.0008865017361111111,4.6171965422453705e-07
1731611071,35001.76458333333,0.0009190538194444445,4.786738642939814e-07
1731611101,35001.82708333333,0.0009516059027777778,4.956280743634259e-07
1731611131,35001.88958333333,0.0009841579861111112,5.125822844328703e-07
1731611161,35001.95208333333,0.0010167100694444444,5.295364945023148e-07
1731611191,35002.01458333333,0.0010492621527777779,5.464907045717592e-07
1731611221,35002.07708333333,0.001081814236111111,5.634449146412037e-07
1731611251,35002.13958333333,0.0011143663194444445,5.803991247106481e-07
1731611281,35002.20208333333,0.0011469184027777777,5.973533347800926e-07
1731611311,35002.26458333333,0.0011794704861111112,6.14307544849537e-07
1731611341,35002.32708333333,0.0012120225694444444,6.312617549189815e-07
1731611371,35002.38958333333,0.0012445746527777778,6.482159649884259e-07
1731611401,35002.45208333333,0.001277126736111111,6.651701750578704e-07
1731611431,35002.51458333333,0.0013096788194444445,6.821243851273148e-07
1731611461,35002.57708333333,0.0013422309027777777,6.990785951967593e-07
1731611491,35002.63958333333,0.0013747829861111111,7.160328052662037e-07
1731611521,35002.70208333333,0.0014073350694444443,7.329870153356482e-07
1731611551,35002.76458333333,0.0014398871527777778,7.499412254050926e-07
1731611581,35002.82708333333,0.0014724392361111112,7.668954354745371e-07
1731611611,35002.88958333333,0.0015049913194444444,7.838496455439815e-07
1731611641,35002.95208333333,0.0015375434027777779,8.00803855613426e-07
1731611671,35003.01458333333,0.001570095486111111,8.177580656828704e-07
1731611701,35003.07708333333,0.0016026475694444445,8.347122757523148e-07
1731611731,35003.13958333333,0.0016351996527777777,8.516664858217593e-07
1731611761,35003.20208333333,0.0016677517361111112,8.686206958912037e-07
1731611791,35003.26458333333,0.0017003038194444444,8.855749059606481e-07
1731611821,35003.32708333333,0.0017328559027777778,9.025291160300925e-07
1731611851,35003.38958333333,0.001765407986111111,9.19483326099537e-07
1731611881,35003.45208333333,0.0017979600694444445,9.364375361689814e-07
1731611911,35003.51458333333,0.0018305121527777777,9.533917462384259e-07
1731611941,35003.57708333333,0.0018630642361111111,9.703459563078703e-07
1731611971,35003.63958333333,0.0018956163194444443,9.873001663773149e-07
1731612001,35003.70208333333,0.0019281684027777778,1.0042543764467592e-06
1731612031,35003.76458333333,0.001960720486111111,1.0212085865162038e-06
1731612061,35003.82708333333,0.0019932725694444446,1.0381627965856481e-06
1731612091,35003.88958333333,0.002025824652777778,1.0551170066550927e-06
1731612121,35003.95208333333,0.002058376736111111,1.072071216724537e-06
1731612151,35025.60510805501,0.04450086716766828,8.440518407749716e-05
1731612181,35118.198428290765,0.22629029788624663,0.0004414913896477231
1731612211,35210.79174852652,0.408079728604825,0.000798577595217949
1731612241,35303.385068762276,0.5898691593234033,0.0011556638007881748
1731612271,35395.97838899803,0.7716585900419817,0.0015127500063584008
1731612301,35488.571709233795,0.95344802076056,0.0018698362119286267
1731612331,35581.16502946955,1.1352374514791386,0.002226922417498853
1731612361,35673.758349705306,1.317026882197717,0.002584008623069079
1731612391,35766.35166994106,1.4988163129162952,0.0029410948286393047
1731612421,35858.94499017682,1.6806057436348736,0.003298181034209531
1731612451,35951.53831041257,1.862395174353452,0.0036552672397797566
1731612481,36044.13163064833,2.04418460507203,0.004012353445349982
1731612511,36136.72495088408,2.2259740357906086,0.0043694396509202085
1731612541,36229.318271119846,2.407763466509187,0.004726525856490435
1731612571,36321.9115913556,2.5895528972277653,0.005083612062060661
1731612601,36414.50491159136,2.7713423279463436,0.005440698267630886
1731612631,36507.09823182711,2.953131758664922,0.005797784473201112
1731612661,36669.73684210526,6.773038220616167,0.197539491439707
1731612691,36864.40677966102,9.120186274361572,0.2662890182201997
1731612721,36966.101694915254,4.822419449946325,-0.04087191605533125
1731612751,37000.0,1.3353877760657422,-0.11869116231279114
1731612781,37000.0,0.0,-0.049804672300820224
1731612811,37000.0,0.0,0.0
1731612841,37000.0,0.0,0.0
1731612871,37000.0,0.0,0.0
1731612901,37000.0,0.0,0.0
1731612931,37000.0,0.0,0.0
1731612961,37000.0,0.0,0.0
1731612991,37000.0,0.0,0.0
1731613021,37000.0,0.0,0.0
1731613051,37000.0,0.0,0.0
1731613081,37000.0,0.0,0.0
1731613111,37000.0,0.0,0.0
1731613141,37000.0,0.0,0.0
1731613171,37000.0,0.0,0.0
1731613201,37000.0,0.0,0.0
1731613231,37000.0,0.0,0.0
1731613261,37000.0,0.0,0.0
1731613291,37000.0,0.0,0.0
1731613321,37000.0,0.0,0.0
1731613351,37000.0,0.0,0.0
1731613381,37000.0,0.0,0.0
1731613411,37000.0,0.0,0.0
1731613441,37000.0,0.0,0.0
1731613471,37000.0,0.0,0.0
1731613501,37000.0,0.0,0.0
1731613531,37000.0,0.0,0.0
1731613561,37000.0,0.0,0.0
1731613591,37000.0,0.0,0.0
1731613621,37000.0,0.0,0.0
1731613651,37000.0,0.0,0.0
1731613681,37000.0,0.0,0.0
1731613711,37000.0,0.0,0.0
1731613741,37000.0,0.0,0.0
1731613771,37000.0,0.0,0.0
1731613801,37000.0,0.0,0.0
1731613831,37000.0,0.0,0.0
1731613861,37000.0,0.0,0.0
1731613891,37000.0,0.0,0.0
1731613921,37000.0,0.0,0.0
1731613951,37000.0,0.0,0.0
1731613981,37000.0,0.0,0.0
1731614011,37000.0,0.0,0.0
1731614041,37000.0,0.0,0.0
1731614071,37000.0,0.0,0.0
1731614101,37000.0,0.0,0.0
1731614131,37000.0,0.0,0.0
1731614161,37000.0,0.0,0.0
1731614191,37000.0,0.0,0.0
1731614221,37000.0,0.0,0.0
1731614251,37000.0,0.0,0.0
1731614281,37000.0,0.0,0.0
1731614311,37000.0,0.0,0.0
1731614341,37000.0,0.0,0.0
1731614371,37000.0,0.0,0.0
1731614401,37000.0,0.0,0.0
1731614431,37000.0,0.0,0.0
1731614461,37000.0,0.0,0.0
1731614491,37000.0,0.0,0.0
1731614521,37000.0,0.0,0.0
1731614551,37000.0,0.0,0.0
1731614581,37000.0,0.0,0.0
1731614611,37000.0,0.0,0.0
1731614641,37000.0,0.0,0.0
1731614671,37000.0,0.0,0.0
1731614701,37000.0,0.0,0.0
1731614731,37000.0,0.0,0.0
1731614761,37000.0,0.0,0.0
1731614791,37000.0,0.0,0.0
1731614821,37000.0,0.0,0.0
1731614851,37000.0,0.0,0.0
1731614881,37000.0,0.0,0.0
1731614911,37000.0,0.0,0.0
1731614941,37000.0,0.0,0.0
1731614971,37000.0,0.0,0.0
1731615001,37000.0,0.0,0.0
1731615031,37000.0,0.0,0.0
1731615061,37000.0,0.0,0.0
1731615091,37000.0,0.0,0.0
1731615121,37000.0,0.0,0.0
1731615151,37000.0,0.0,0.0
1731615181,37000.0,0.0,0.0
1731615211,37000.0,0.0,0.0
1731615241,37000.0,0.0,0.0
1731615271,37000.0,0.0,0.0
1731615301,37000.0,0.0,0.0
1731615331,37000.0,0.0,0.0
1731615361,37000.0,0.0,0.0
1731615391,37000.0,0.0,0.0
1731615421,37000.0,0.0,0.0
1731615451,37000.0,0.0,0.0
1731615481,37000.0,0.0,0.0
1731615511,37000.0,0.0,0.0
1731615541,37000.0,0.0,0.0
1731615571,37000.0,0.0,0.0
1731615601,37000.0,0.0,0.0
1731615631,37000.0,0.0,0.0
1731615661,37000.0,0.0,0.0
1731615691,37000.0,0.0,0.0
1731615721,37000.0,0.0,0.0
1731615751,37000.0,0.0,0.0
1731615781,37000.0,0.0,0.0
1731615811,37000.0,0.0,0.0
1731615841,37000.0,0.0,0.0
1731615871,37000.0,0.0,0.0
1731615901,37000.0,0.0,0.0
1731615931,37000.0,0.0,0.0
1731615961,37000.0,0.0,0.0
1731615991,37000.0,0.0,0.0
1731616021,37000.0,0.0,0.0
1731616051,37000.0,0.0,0.0
1731616081,37000.0,0.0,0.0
1731616111,37000.0,0.0,0.0
1731616141,37000.0,0.0,0.0
1731616171,37000.0,0.0,0.0
1731616201,37000.0,0.0,0.0
1731616231,37000.0,0.0,0.0
1731616261,37000.0,0.0,0.0
1731616291,37000.0,0.0,0.0
1731616321,37000.0,0.0,0.0
1731616351,37000.0,0.0,0.0
1731616381,37000.0,0.0,0.0
1731616411,37000.0,0.0,0.0
1731616441,37000.0,0.0,0.0
1731616471,37000.0,0.0,0.0
1731616501,37000.0,0.0,0.0
1731616531,37000.0,0.0,0.0
1731616561,37000.0,0.0,0.0
1731616591,37000.0,0.0,0.0
1731616621,37000.0,0.0,0.0
1731616651,37000.0,0.0,0.0
1731616681,37000.0,0.0,0.0
1731616711,37000.0,0.0,0.0
1731616741,37000.0,0.0,0.0
1731616771,37000.0,0.0,0.0
1731616801,37000.0,0.0,0.0
1731616831,37000.0,0.0,0.0
1731616861,36985.15625,-0.4638671875,-0.014495849609375
1731616891,36987.878787878784,0.011478420569329684,0.01218495213846453
1731616921,37000.0,0.40404040404040403,0.013085399449035813
1731616951,37000.0,0.0,-0.013848159009449332
1731616981,37000.0,0.0,0.0
1731617011,37000.0,0.0,0.0
1731617041,37000.0,0.0,0.0
1731617071,37000.0,0.0,0.0
1731617101,37000.0,0.0,0.0
1731617131,37000.0,0.0,0.0
1731617161,37000.0,0.0,0.0
1731617191,37014.36170212766,0.3055681303757356,0.00650144958246246
1731617221,37018.42105263158,0.21880709612777743,9.941239601463266e-05
1731617251,36998.57142857143,-0.6611170784103115,-0.029613659236648885
1731617281,36977.142857142855,-0.709452201933405,-0.004156851552516366
1731617311,37013.57142857143,0.9387755102040817,0.04686205309191346
1731617341,37008.333333333336,-0.028860028860028697,-0.023756426353828936
1731617371,37000.0,-0.3077651515151515,-0.012856215359766492
1731617401,37000.0,0.0,0.011478420569329661
1731617431,37000.0,0.0,0.0
1731617461,37000.0,0.0,0.0
1731617491,37000.0,0.0,0.0
1731617521,37000.0,0.0,0.0
1731617551,37000.0,0.0,0.0
1731617581,37000.0,0.0,0.0
1731617611,37000.0,0.0,0.0
1731617641,37000.0,0.0,0.0
1731617671,37000.0,0.0,0.0
1731617701,37000.0,0.0,0.0
1731617731,37000.0,0.0,0.0
1731617761,37000.0,0.0,0.0
1731617791,37000.0,0.0,0.0
1731617821,37000.0,0.0,0.0
1731617851,37000.0,0.0,0.0
1731617881,37000.0,0.0,0.0
1731617911,37000.0,0.0,0.0
1731617941,37000.0,0.0,0.0
1731617971,37000.0,0.0,0.0
1731618001,37000.0,0.0,0.0
1731618031,37000.0,0.0,0.0
1731618061,37000.0,0.0,0.0
1731618091,37000.0,0.0,0.0
1731618121,37000.0,0.0,0.0
1731618151,37000.0,0.0,0.0
1731618181,37000.0,0.0,0.0
1731618211,37000.0,0.0,0.0
1731618241,37000.0,0.0,0.0
1731618271,37000.0,0.0,0.0
1731618301,37000.0,0.0,0.0
1731618331,37000.0,0.0,0.0
1731618361,37000.0,0.0,0.0
1731618391,37000.0,0.0,0.0
1731618421,37000.0,0.0,0.0
1731618451,37000.0,0.0,0.0
1731618481,37000.0,0.0,0.0
1731618511,37000.0,0.0,0.0
1731618541,37000.0,0.0,0.0
1731618571,37000.0,0.0,0.0
1731618601,37000.0,0.0,0.0
1731618631,37000.0,0.0,0.0
1731618661,37000.0,0.0,0.0
1731618691,37000.0,0.0,0.0
1731618721,37000.0,0.0,0.0
1731618751,37000.0,0.0,0.0
1731618781,37000.0,0.0,0.0
1731618811,37000.0,0.0,0.0
1731618841,37000.0,0.0,0.0
1731618871,37000.0,0.0,0.0
1731618901,37000.0,0.0,0.0
1731618931,37000.0,0.0,0.0
1731618961,37000.0,0.0,0.0
1731618991,37000.0,0.0,0.0
1731619021,37000.0,0.0,0.0
1731619051,37000.0,0.0,0.0
1731619081,37000.0,0.0,0.0
1731619111,37000.0,0.0,0.0
1731619141,37000.0,0.0,0.0
1731619171,37000.0,0.0,0.0
1731619201,37000.0,0.0,0.0
1731619231,37000.0,0.0,0.0
1731619261,37000.0,0.0,0.0
1731619291,37000.0,0.0,0.0
1731619321,37000.0,0.0,0.0
1731619351,37000.0,0.0,0.0
1731619381,37000.0,0.0,0.0
1731619411,37000.0,0.0,0.0
1731619441,37000.0,0.0,0.0
1731619471,37000.0,0.0,0.0
1731619501,37000.0,0.0,0.0
1731619531,37000.0,0.0,0.0
1731619561,37000.0,0.0,0.0
1731619591,37000.0,0.0,0.0
1731619621,37000.0,0.0,0.0
1731619651,37000.0,0.0,0.0
1731619681,37000.0,0.0,0.0
1731619711,37000.0,0.0,0.0
1731619741,37000.0,0.0,0.0
1731619771,37000.0,0.0,0.0
1731619801,37000.0,0.0,0.0
1731619831,37000.0,0.0,0.0
1731619861,37000.0,0.0,0.0
1731619891,37000.0,0.0,0.0
1731619921,37000.0,0.0,0.0
1731619951,37000.0,0.0,0.0
1731619981,37000.0,0.0,0.0
1731620011,37000.0,0.0,0.0
1731620041,37000.0,0.0,0.0
1731620071,37000.0,0.0,0.0
1731620101,36993.382352941175,-0.19463667820069205,-0.005724608182373295
1731620131,36983.333333333336,-0.33496732026143794,-0.004677688068691531
1731620161,37016.93548387097,1.1377037807839057,0.05008827292007961
1731620191,36978.030303030304,-1.3255724399419413,-0.08426224097743949
1731620221,37000.73529411765,0.7569204152249135,0.0697006953244519
1731620251,37022.794117647056,0.7372601446995911,0.0057406610741828346
1731620281,37003.22580645161,-0.6075166799289955,-0.043401037644497764
1731620311,37000.0,-0.17106549364613877,0.008704545047035876
1731620341,37000.0,0.0,0.00570218312153796
1731620371,37000.0,0.0,0.0
1731620401,37000.0,0.0,0.0
1731620431,37000.0,0.0,0.0
1731620461,37000.0,0.0,0.0
1731620491,37000.0,0.0,0.0
1731620521,37011.029411764706,0.3243944636678201,0.009541013637288825
1731620551,37016.12903225807,0.18822305196792555,-0.003695003681356123
1731620581,37000.0,-0.54630593132154,-0.025298797307516878
1731620611,37000.0,0.0,0.019128358939829834
1731620641,37000.0,0.0,0.0
1731620671,37000.0,0.0,0.0
1731620701,37000.0,0.0,0.0
1731620731,37000.0,0.0,0.0
1731620761,37000.0,0.0,0.0
1731620791,37000.0,0.0,0.0
1731620821,37000.0,0.0,0.0
1731620851,37000.0,0.0,0.0
1731620881,37000.0,0.0,0.0
1731620911,37000.0,0.0,0.0
1731620941,37000.0,0.0,0.0
1731620971,37000.0,0.0,0.0
1731621001,37000.0,0.0,0.0
1731621031,36918.181818181816,-2.479338842975207,-0.07513148009015778
1731621061,36501.470588235294,-13.860490720352312,-0.38335424821648756
1731621091,36016.17647058824,-16.10176156023907,-0.08466532542268523
1731621121,35516.666666666664,-16.65032679738562,-0.018285507904885125
1731621151,34423.48484848485,-34.641873278236915,-0.5466838208695283
1731621181,33204.41176470588,-40.22229212540631,-0.23705169676895899
1731621211,32091.666666666668,-37.46286393345217,0.07277609904222046
1731621241,31127.20588235294,-32.55544196288141,0.164194799427392
1731621271,30220.454545454544,-30.217954950575272,0.08542920121747084
1731621301,29285.0,-31.181818181818183,-0.03212877437476366
1731621331,28309.090909090908,-32.527548209366394,-0.04743718173470238
1731621361,27340.441176470587,-32.32214008598092,0.005771334909706178
1731621391,26387.5,-31.764705882352942,0.01858114012093257
1731621421,25415.909090909092,-32.396694214876035,-0.0218249583830527
1731621451,24460.29411764706,-31.849638251022334,0.018520605645672768
1731621481,23489.70588235294,-32.32148474363007,-0.01358766504113728
1731621511,22506.25,-32.755055147058826,-0.014532088633414632
1731621541,21547.727272727272,-32.02909779614325,0.020693142763930042
1731621571,20580.882352941175,-32.17993079584775,-0.0008914583448981911
1731621601,19606.060606060608,-32.4812294063631,-0.010560098781094585
1731621631,18637.5,-32.30350378787879,0.005131924821409261
1731621661,17654.6875,-32.71484375,-0.011790882457386326
1731621691,16670.58823529412,-32.896301903114185,-0.011081489797476085
1731621721,15708.333333333334,-32.03357100415924,0.03142705827807274
1731621751,14712.5,-33.19444444444444,-0.03869578134284022
1731621781,13741.911764705883,-32.37024221453287,0.02750921591243194
1731621811,12793.548387096775,-31.61229111832038,0.025287182364707124
1731621841,11850.0,-31.451612903225808,0.005355940503152296
1731621871,10896.666666666666,-30.63888888888889,0.15358796296296306
1731621901,10356.25,-11.380208333333332,0.8929036458333335
1731621931,10085.0,-8.777777777777779,0.03518518518518515
1731621961,9372.916666666666,-31.28472222222222,-0.9866898148148149
1731621991,8495.0,-29.77777777777778,-0.06851851851851865
1731622021,7835.0,-23.916666666666668,-0.2559027777777778
1731622051,6637.5,-40.77380952380952,-0.11082766439909278
1731622081,5505.0,-36.75,0.12812499999999993
1731622111,5180.0,-8.0,0.37777777777777777
1731622141,4975.0,-7.083333333333334,-0.03472222222222223
1731622171,4716.666666666667,-12.037037037037036,-0.6172839506172839
1731622201,3867.8571428571427,-24.591836734693878,1.1535471331389702
1731622231,3440.0,-8.5,1.094444444444444
1731622261,2825.0,-26.85185185185185,-0.30864197530864207
1731622291,2350.0,-5.555555555555555,0.925925925925926
1731622321,2150.0,0.0,0.0
1731622351,2100.0,0.0,0.0
1731622381,2033.3333333333333,-5.555555555555556,-1.851851851851852
1731622411,1591.6666666666667,-16.203703703703706,-0.1800411522633747
1731622441,1158.3333333333333,-11.728395061728396,0.4801097393689988
1731622471,716.6666666666666,-11.419753086419753,0.44581618655692734
1731622501,338.8888888888889,-12.345679012345679,-0.14158338232412312
1731622531,13.88888888888889,-7.407407407407407,0.5829903978052127
1731622561,0.0,0.0,0.0
1731622591,0.0,0.0,0.0
1731622621,0.0,0.0,0.0
1731622651,0.0,0.0,0.0
1731622681,0.0,0.0,0.0
1731622711,0.0,0.0,0.0
1731622741,0.0,0.0,0.0
1731622771,0.0,0.0,0.0
1731622801,0.0,0.0,0.0
1731622831,0.0,0.0,0.0
1731622861,0.0,0.0,0.0
1731622891,0.0,0.0,0.0
1731622921,0.0,0.0,0.0
1731622951,0.0,0.0,0.0
1731622981,0.0,0.0,0.0
1731623011,0.0,0.0,0.0
