Timestamp,UTC,Callsign,Position,Altitude,Speed,Direction
1731585465,2024-11-14T11:57:45Z,SAS957,"59.65317,17.93805",0,2,239
1731585474,2024-11-14T11:57:54Z,SAS957,"59.65321,17.93825",0,3,236
1731585481,2024-11-14T11:58:01Z,SAS957,"59.65324,17.93845",0,3,225
1731585490,2024-11-14T11:58:10Z,SAS957,"59.65332,17.93866",0,3,219
1731585500,2024-11-14T11:58:20Z,SAS957,"59.65344,17.93889",0,3,216
1731585516,2024-11-14T11:58:36Z,SAS957,"59.65366,17.93906",0,3,241
1731585528,2024-11-14T11:58:48Z,SAS957,"59.6538,17.93928",0,3,264
1731585537,2024-11-14T11:58:57Z,SAS957,"59.6539,17.93948",0,3,289
1731585713,2024-11-14T12:01:53Z,SAS957,"59.65411,17.9393",0,5,320
1731585722,2024-11-14T12:02:02Z,SAS957,"59.65434,17.93928",0,5,345
1731585732,2024-11-14T12:02:12Z,SAS957,"59.65458,17.93923",0,6,348
1731585739,2024-11-14T12:02:19Z,SAS957,"59.65478,17.93911",0,6,345
1731585747,2024-11-14T12:02:27Z,SAS957,"59.65499,17.93903",0,7,345
1731585754,2024-11-14T12:02:34Z,SAS957,"59.65522,17.93891",0,7,345
1731585761,2024-11-14T12:02:41Z,SAS957,"59.65546,17.9388",0,6,345
1731585768,2024-11-14T12:02:48Z,SAS957,"59.65568,17.93868",0,7,345
1731585776,2024-11-14T12:02:56Z,SAS957,"59.65597,17.93854",0,8,345
1731585783,2024-11-14T12:03:03Z,SAS957,"59.65622,17.93842",0,8,345
1731585790,2024-11-14T12:03:10Z,SAS957,"59.65647,17.93828",0,9,345
1731585796,2024-11-14T12:03:16Z,SAS957,"59.6567,17.93795",0,11,326
1731585800,2024-11-14T12:03:20Z,SAS957,"59.65676,17.93754",0,11,300
1731585804,2024-11-14T12:03:24Z,SAS957,"59.65672,17.93717",0,12,278
1731585806,2024-11-14T12:03:26Z,SAS957,"59.65669,17.93694",0,12,267
1731585810,2024-11-14T12:03:30Z,SAS957,"59.65662,17.93653",0,12,258
1731585812,2024-11-14T12:03:32Z,SAS957,"59.6566,17.93629",0,12,258
1731585814,2024-11-14T12:03:34Z,SAS957,"59.65657,17.93607",0,13,255
1731585816,2024-11-14T12:03:36Z,SAS957,"59.65654,17.93584",0,13,255
1731585818,2024-11-14T12:03:38Z,SAS957,"59.65649,17.93552",0,14,255
1731585820,2024-11-14T12:03:40Z,SAS957,"59.65647,17.93528",0,14,255
1731585822,2024-11-14T12:03:42Z,SAS957,"59.65644,17.93504",0,15,255
1731585824,2024-11-14T12:03:44Z,SAS957,"59.6564,17.93477",0,15,255
1731585827,2024-11-14T12:03:47Z,SAS957,"59.65636,17.9344",0,15,255
1731585829,2024-11-14T12:03:49Z,SAS957,"59.65632,17.93411",0,16,255
1731585831,2024-11-14T12:03:51Z,SAS957,"59.65628,17.93388",0,16,255
1731585839,2024-11-14T12:03:59Z,SAS957,"59.65612,17.93248",0,17,255
1731585848,2024-11-14T12:04:08Z,SAS957,"59.65595,17.93125",0,13,255
1731585857,2024-11-14T12:04:17Z,SAS957,"59.65584,17.93035",0,13,255
1731585864,2024-11-14T12:04:24Z,SAS957,"59.65574,17.9295",0,13,255
1731585871,2024-11-14T12:04:31Z,SAS957,"59.65562,17.92865",0,14,255
1731585878,2024-11-14T12:04:38Z,SAS957,"59.6555,17.9277",0,15,255
1731585886,2024-11-14T12:04:46Z,SAS957,"59.65535,17.92654",0,16,255
1731585893,2024-11-14T12:04:53Z,SAS957,"59.65521,17.92561",0,13,253
1731585895,2024-11-14T12:04:55Z,SAS957,"59.65517,17.9254",0,13,250
1731585897,2024-11-14T12:04:57Z,SAS957,"59.65512,17.9252",0,14,247
1731585899,2024-11-14T12:04:59Z,SAS957,"59.65504,17.92498",0,14,241
1731585903,2024-11-14T12:05:03Z,SAS957,"59.65488,17.92458",0,14,233
1731585906,2024-11-14T12:05:06Z,SAS957,"59.65475,17.92431",0,15,227
1731585909,2024-11-14T12:05:09Z,SAS957,"59.65457,17.92399",0,15,225
1731585912,2024-11-14T12:05:12Z,SAS957,"59.65445,17.92376",0,15,225
1731585914,2024-11-14T12:05:14Z,SAS957,"59.6543,17.92348",0,15,225
1731585917,2024-11-14T12:05:17Z,SAS957,"59.65416,17.92322",0,15,222
1731585921,2024-11-14T12:05:21Z,SAS957,"59.65396,17.92298",0,12,216
1731585925,2024-11-14T12:05:25Z,SAS957,"59.65375,17.9228",0,13,208
1731585929,2024-11-14T12:05:29Z,SAS957,"59.65351,17.9227",0,13,196
1731585935,2024-11-14T12:05:35Z,SAS957,"59.65321,17.92263",0,13,191
1731585938,2024-11-14T12:05:38Z,SAS957,"59.65298,17.92254",0,14,191
1731585942,2024-11-14T12:05:42Z,SAS957,"59.65276,17.92248",0,14,188
1731585947,2024-11-14T12:05:47Z,SAS957,"59.65242,17.92235",0,15,191
1731585950,2024-11-14T12:05:50Z,SAS957,"59.6522,17.92227",0,0,191
1731585954,2024-11-14T12:05:54Z,SAS957,"59.65196,17.92218",0,15,191
1731585959,2024-11-14T12:05:59Z,SAS957,"59.65153,17.92202",0,15,188
1731585967,2024-11-14T12:06:07Z,SAS957,"59.65098,17.92183",0,16,191
1731585973,2024-11-14T12:06:13Z,SAS957,"59.65049,17.92166",0,17,191
1731585980,2024-11-14T12:06:20Z,SAS957,"59.64994,17.92145",0,17,191
1731585990,2024-11-14T12:06:30Z,SAS957,"59.64919,17.92119",0,0,191
1731585998,2024-11-14T12:06:38Z,SAS957,"59.64844,17.9209",0,19,191
1731586005,2024-11-14T12:06:45Z,SAS957,"59.64777,17.92067",0,19,191
1731586015,2024-11-14T12:06:55Z,SAS957,"59.64689,17.92036",0,19,191
1731586022,2024-11-14T12:07:02Z,SAS957,"59.64631,17.92014",0,19,191
1731586030,2024-11-14T12:07:10Z,SAS957,"59.64554,17.91987",0,19,191
1731586037,2024-11-14T12:07:17Z,SAS957,"59.64489,17.91962",0,19,191
1731586044,2024-11-14T12:07:24Z,SAS957,"59.64426,17.91939",0,19,191
1731586052,2024-11-14T12:07:32Z,SAS957,"59.64354,17.91915",0,19,191
1731586059,2024-11-14T12:07:39Z,SAS957,"59.64291,17.91893",0,20,191
1731586066,2024-11-14T12:07:46Z,SAS957,"59.64225,17.91868",0,20,191
1731586073,2024-11-14T12:07:53Z,SAS957,"59.64158,17.91845",0,20,191
1731586081,2024-11-14T12:08:01Z,SAS957,"59.64084,17.91818",0,21,191
1731586089,2024-11-14T12:08:09Z,SAS957,"59.64003,17.91787",0,22,191
1731586096,2024-11-14T12:08:16Z,SAS957,"59.63928,17.91763",0,21,191
1731586103,2024-11-14T12:08:23Z,SAS957,"59.6387,17.91735",0,17,194
1731586107,2024-11-14T12:08:27Z,SAS957,"59.63845,17.91716",0,15,199
1731586113,2024-11-14T12:08:33Z,SAS957,"59.63815,17.91687",0,14,205
1731586117,2024-11-14T12:08:37Z,SAS957,"59.63791,17.91657",0,14,210
1731586120,2024-11-14T12:08:40Z,SAS957,"59.63775,17.91634",0,15,216
1731586122,2024-11-14T12:08:42Z,SAS957,"59.63765,17.91612",0,15,219
1731586126,2024-11-14T12:08:46Z,SAS957,"59.63747,17.91574",0,14,225
1731586128,2024-11-14T12:08:48Z,SAS957,"59.63737,17.91547",0,14,230
1731586131,2024-11-14T12:08:51Z,SAS957,"59.6373,17.91518",0,13,239
1731586133,2024-11-14T12:08:53Z,SAS957,"59.63727,17.91496",0,13,244
1731586136,2024-11-14T12:08:56Z,SAS957,"59.63726,17.91463",0,13,255
1731586138,2024-11-14T12:08:58Z,SAS957,"59.63727,17.9144",0,13,264
1731586140,2024-11-14T12:09:00Z,SAS957,"59.6373,17.91408",0,13,275
1731586143,2024-11-14T12:09:03Z,SAS957,"59.63735,17.9138",0,12,281
1731586147,2024-11-14T12:09:07Z,SAS957,"59.63741,17.91352",0,9,286
1731586152,2024-11-14T12:09:12Z,SAS957,"59.63754,17.9133",0,8,303
1731586159,2024-11-14T12:09:19Z,SAS957,"59.63778,17.91334",0,7,345
1731586168,2024-11-14T12:09:28Z,SAS957,"59.63804,17.91353",0,7,8
1731586173,2024-11-14T12:09:33Z,SAS957,"59.63825,17.91362",0,11,8
1731586177,2024-11-14T12:09:37Z,SAS957,"59.63855,17.91371",0,17,11
1731586180,2024-11-14T12:09:40Z,SAS957,"59.63892,17.91383",0,25,8
1731586182,2024-11-14T12:09:42Z,SAS957,"59.63919,17.91394",0,31,11
1731586184,2024-11-14T12:09:44Z,SAS957,"59.63956,17.91406",0,38,11
1731586185,2024-11-14T12:09:45Z,SAS957,"59.63982,17.91416",0,42,11
1731586187,2024-11-14T12:09:47Z,SAS957,"59.6402,17.91431",0,50,11
1731586188,2024-11-14T12:09:48Z,SAS957,"59.64056,17.91442",0,55,11
1731586190,2024-11-14T12:09:50Z,SAS957,"59.64115,17.91463",0,63,11
1731586197,2024-11-14T12:09:57Z,SAS957,"59.64386,17.91559",0,89,10
1731586208,2024-11-14T12:10:08Z,SAS957,"59.64995,17.91779",75,129,10
1731586216,2024-11-14T12:10:16Z,SAS957,"59.65581,17.91993",0,160,10
1731586226,2024-11-14T12:10:26Z,SAS957,"59.66313,17.92264",275,174,10
1731586235,2024-11-14T12:10:35Z,SAS957,"59.67036,17.92511",675,174,9
1731586242,2024-11-14T12:10:42Z,SAS957,"59.67554,17.92704",975,175,10
1731586248,2024-11-14T12:10:48Z,SAS957,"59.68085,17.92895",1275,176,10
1731586256,2024-11-14T12:10:56Z,SAS957,"59.68767,17.93161",1675,177,11
1731586264,2024-11-14T12:11:04Z,SAS957,"59.69348,17.9339",2050,171,11
1731586272,2024-11-14T12:11:12Z,SAS957,"59.6998,17.9366",2375,166,12
1731586282,2024-11-14T12:11:22Z,SAS957,"59.70721,17.93967",2475,178,11
1731586291,2024-11-14T12:11:31Z,SAS957,"59.71493,17.94276",2550,186,11
1731586300,2024-11-14T12:11:40Z,SAS957,"59.72242,17.9456",2675,197,10
1731586306,2024-11-14T12:11:46Z,SAS957,"59.72852,17.94768",2775,204,9
1731586314,2024-11-14T12:11:54Z,SAS957,"59.73588,17.94995",2900,211,8
1731586316,2024-11-14T12:11:56Z,SAS957,"59.73802,17.95033",2925,214,6
1731586318,2024-11-14T12:11:58Z,SAS957,"59.74063,17.95081",2950,216,4
1731586321,2024-11-14T12:12:01Z,SAS957,"59.7431,17.95102",3000,219,3
1731586323,2024-11-14T12:12:03Z,SAS957,"59.74493,17.95111",3025,222,2
1731586325,2024-11-14T12:12:05Z,SAS957,"59.74759,17.95129",3075,226,1
1731586328,2024-11-14T12:12:08Z,SAS957,"59.7502,17.95138",3125,229,1
1731586330,2024-11-14T12:12:10Z,SAS957,"59.75259,17.95147",3175,232,1
1731586332,2024-11-14T12:12:12Z,SAS957,"59.75528,17.95166",3225,234,1
1731586334,2024-11-14T12:12:14Z,SAS957,"59.75757,17.95175",3300,236,1
1731586336,2024-11-14T12:12:16Z,SAS957,"59.75967,17.95194",3375,237,1
1731586338,2024-11-14T12:12:18Z,SAS957,"59.76187,17.95203",3425,238,1
1731586346,2024-11-14T12:12:26Z,SAS957,"59.76991,17.9527",3725,239,2
1731586353,2024-11-14T12:12:33Z,SAS957,"59.77831,17.95358",4050,240,3
1731586360,2024-11-14T12:12:40Z,SAS957,"59.78508,17.95431",4325,241,3
1731586368,2024-11-14T12:12:48Z,SAS957,"59.79478,17.9555",4675,242,3
1731586377,2024-11-14T12:12:57Z,SAS957,"59.80435,17.9566",5025,244,3
1731586390,2024-11-14T12:13:10Z,SAS957,"59.81918,17.95844",5550,246,3
1731586403,2024-11-14T12:13:23Z,SAS957,"59.83392,17.95953",6125,243,359
1731586407,2024-11-14T12:13:27Z,SAS957,"59.83894,17.9581",6325,240,352
1731586409,2024-11-14T12:13:29Z,SAS957,"59.84125,17.95688",6450,239,345
1731586411,2024-11-14T12:13:31Z,SAS957,"59.84345,17.95532",6550,239,343
1731586413,2024-11-14T12:13:33Z,SAS957,"59.84574,17.95337",6675,239,337
1731586416,2024-11-14T12:13:36Z,SAS957,"59.8477,17.95138",6750,240,333
1731586418,2024-11-14T12:13:38Z,SAS957,"59.84985,17.94882",6825,241,330
1731586420,2024-11-14T12:13:40Z,SAS957,"59.85178,17.94608",6900,243,324
1731586423,2024-11-14T12:13:43Z,SAS957,"59.85491,17.94086",6975,245,318
1731586425,2024-11-14T12:13:45Z,SAS957,"59.85654,17.93755",7025,248,314
1731586427,2024-11-14T12:13:47Z,SAS957,"59.85812,17.93376",7075,250,310
1731586430,2024-11-14T12:13:50Z,SAS957,"59.85951,17.93005",7125,253,307
1731586432,2024-11-14T12:13:52Z,SAS957,"59.86073,17.92628",7200,254,304
1731586434,2024-11-14T12:13:54Z,SAS957,"59.86231,17.92135",7275,256,302
1731586436,2024-11-14T12:13:56Z,SAS957,"59.86363,17.91687",7375,256,301
1731586438,2024-11-14T12:13:58Z,SAS957,"59.86455,17.91387",7425,256,300
1731586440,2024-11-14T12:14:00Z,SAS957,"59.86615,17.90863",7500,256,300
1731586442,2024-11-14T12:14:02Z,SAS957,"59.86743,17.90433",7550,258,300
1731586445,2024-11-14T12:14:05Z,SAS957,"59.8693,17.89824",7650,257,301
1731586449,2024-11-14T12:14:09Z,SAS957,"59.87116,17.89228",7750,258,301
1731586451,2024-11-14T12:14:11Z,SAS957,"59.87274,17.88716",7800,259,301
1731586453,2024-11-14T12:14:13Z,SAS957,"59.8743,17.88226",7850,260,301
1731586456,2024-11-14T12:14:16Z,SAS957,"59.87576,17.87759",7875,261,302
1731586468,2024-11-14T12:14:28Z,SAS957,"59.88446,17.85049",8050,272,302
1731586483,2024-11-14T12:14:43Z,SAS957,"59.89426,17.8201",8225,285,302
1731586497,2024-11-14T12:14:57Z,SAS957,"59.90445,17.78866",8400,298,302
1731586510,2024-11-14T12:15:10Z,SAS957,"59.9149,17.7562",8575,308,302
1731586524,2024-11-14T12:15:24Z,SAS957,"59.92502,17.72452",8750,318,302
1731586536,2024-11-14T12:15:36Z,SAS957,"59.93517,17.69282",9000,323,302
1731586549,2024-11-14T12:15:49Z,SAS957,"59.94532,17.66109",9425,324,302
1731586564,2024-11-14T12:16:04Z,SAS957,"59.9572,17.62349",10025,321,302
1731586577,2024-11-14T12:16:17Z,SAS957,"59.96766,17.59068",10425,323,302
1731586589,2024-11-14T12:16:29Z,SAS957,"59.97762,17.55929",10775,325,302
1731586604,2024-11-14T12:16:44Z,SAS957,"59.98943,17.52215",11175,327,302
1731586617,2024-11-14T12:16:57Z,SAS957,"59.99986,17.48834",11550,329,301
1731586630,2024-11-14T12:17:10Z,SAS957,"60.01082,17.45335",12000,329,302
1731586662,2024-11-14T12:17:42Z,SAS957,"60.03623,17.37321",12925,330,302
1731586693,2024-11-14T12:18:13Z,SAS957,"60.06198,17.29153",13850,330,302
1731586725,2024-11-14T12:18:45Z,SAS957,"60.08758,17.20979",14600,336,302
1731586757,2024-11-14T12:19:17Z,SAS957,"60.11425,17.12494",15350,341,300
1731586769,2024-11-14T12:19:29Z,SAS957,"60.12324,17.08786",15625,348,292
1731586772,2024-11-14T12:19:32Z,SAS957,"60.12437,17.08185",15675,350,291
1731586774,2024-11-14T12:19:34Z,SAS957,"60.12575,17.07418",15725,350,290
1731586776,2024-11-14T12:19:36Z,SAS957,"60.12676,17.0684",15775,351,289
1731586778,2024-11-14T12:19:38Z,SAS957,"60.12775,17.06255",15825,352,288
1731586780,2024-11-14T12:19:40Z,SAS957,"60.129,17.05514",15875,351,288
1731586782,2024-11-14T12:19:42Z,SAS957,"60.13023,17.04803",15950,351,288
1731586784,2024-11-14T12:19:44Z,SAS957,"60.13129,17.04188",16000,352,289
1731586787,2024-11-14T12:19:47Z,SAS957,"60.13236,17.03577",16050,352,289
1731586789,2024-11-14T12:19:49Z,SAS957,"60.13344,17.02957",16100,352,289
1731586820,2024-11-14T12:20:20Z,SAS957,"60.15057,16.93533",16900,352,290
1731586851,2024-11-14T12:20:51Z,SAS957,"60.16855,16.83731",17675,353,290
1731586883,2024-11-14T12:21:23Z,SAS957,"60.18608,16.74042",18400,356,289
1731586913,2024-11-14T12:21:53Z,SAS957,"60.20266,16.64723",19750,341,289
1731586945,2024-11-14T12:22:25Z,SAS957,"60.21899,16.55545",20600,338,289
1731586976,2024-11-14T12:22:56Z,SAS957,"60.23576,16.46184",21200,342,289
1731587008,2024-11-14T12:23:28Z,SAS957,"60.25275,16.36629",21800,344,289
1731587039,2024-11-14T12:23:59Z,SAS957,"60.26923,16.27272",22375,346,289
1731587070,2024-11-14T12:24:30Z,SAS957,"60.28606,16.17699",22750,352,289
1731587102,2024-11-14T12:25:02Z,SAS957,"60.30322,16.0784",23200,358,289
1731587134,2024-11-14T12:25:34Z,SAS957,"60.32048,15.97857",23775,357,289
1731587164,2024-11-14T12:26:04Z,SAS957,"60.3371,15.88216",24225,359,289
1731587196,2024-11-14T12:26:36Z,SAS957,"60.35449,15.78101",24675,364,289
1731587229,2024-11-14T12:27:09Z,SAS957,"60.37248,15.67533",25125,366,288
1731587260,2024-11-14T12:27:40Z,SAS957,"60.39035,15.57057",25325,379,288
1731587292,2024-11-14T12:28:12Z,SAS957,"60.4086,15.4625",25725,389,288
1731587323,2024-11-14T12:28:43Z,SAS957,"60.42634,15.35594",26250,394,288
1731587355,2024-11-14T12:29:15Z,SAS957,"60.44487,15.24461",26675,398,288
1731587386,2024-11-14T12:29:46Z,SAS957,"60.46326,15.13347",27225,402,288
1731587418,2024-11-14T12:30:18Z,SAS957,"60.48188,15.01968",27775,404,288
1731587449,2024-11-14T12:30:49Z,SAS957,"60.50052,14.90608",28250,408,288
1731587481,2024-11-14T12:31:21Z,SAS957,"60.5194,14.78976",28650,412,288
1731587513,2024-11-14T12:31:53Z,SAS957,"60.5387,14.67035",29050,417,288
1731587544,2024-11-14T12:32:24Z,SAS957,"60.55687,14.55688",29500,419,287
1731587576,2024-11-14T12:32:56Z,SAS957,"60.57563,14.43868",30125,417,287
1731587609,2024-11-14T12:33:29Z,SAS957,"60.59528,14.31414",30650,418,287
1731587641,2024-11-14T12:34:01Z,SAS957,"60.614,14.19463",31450,411,287
1731587673,2024-11-14T12:34:33Z,SAS957,"60.63208,14.07851",32150,404,287
1731587704,2024-11-14T12:35:04Z,SAS957,"60.64956,13.96598",32500,407,287
1731587735,2024-11-14T12:35:35Z,SAS957,"60.66655,13.85594",32975,406,287
1731587767,2024-11-14T12:36:07Z,SAS957,"60.68457,13.73752",33475,402,287
1731587799,2024-11-14T12:36:39Z,SAS957,"60.70184,13.62352",33950,398,287
1731587828,2024-11-14T12:37:08Z,SAS957,"60.71818,13.51554",34000,402,287
1731587862,2024-11-14T12:37:42Z,SAS957,"60.73618,13.39584",34000,404,286
1731587894,2024-11-14T12:38:14Z,SAS957,"60.75397,13.27629",34000,406,286
1731587926,2024-11-14T12:38:46Z,SAS957,"60.77078,13.16241",34000,406,286
1731587958,2024-11-14T12:39:18Z,SAS957,"60.78852,13.04166",34000,408,286
1731587989,2024-11-14T12:39:49Z,SAS957,"60.80502,12.92816",34000,407,286
1731588021,2024-11-14T12:40:21Z,SAS957,"60.82242,12.80807",34000,406,286
1731588052,2024-11-14T12:40:52Z,SAS957,"60.83861,12.69519",34000,406,286
1731588083,2024-11-14T12:41:23Z,SAS957,"60.85455,12.58361",34000,408,286
1731588114,2024-11-14T12:41:54Z,SAS957,"60.87131,12.46551",34000,409,286
1731588147,2024-11-14T12:42:27Z,SAS957,"60.88843,12.34314",34000,408,286
1731588178,2024-11-14T12:42:58Z,SAS957,"60.90467,12.227",34000,407,286
1731588211,2024-11-14T12:43:31Z,SAS957,"60.9213,12.10703",34000,408,285
1731588243,2024-11-14T12:44:03Z,SAS957,"60.93786,11.98697",34000,411,285
1731588276,2024-11-14T12:44:36Z,SAS957,"60.95462,11.8641",34000,413,285
1731588309,2024-11-14T12:45:09Z,SAS957,"60.97193,11.73654",34000,412,285
1731588342,2024-11-14T12:45:42Z,SAS957,"60.98851,11.61314",34000,414,285
1731588375,2024-11-14T12:46:15Z,SAS957,"61.00539,11.48649",34000,416,285
1731588408,2024-11-14T12:46:48Z,SAS957,"61.02216,11.35986",34000,418,285
1731588439,2024-11-14T12:47:19Z,SAS957,"61.03775,11.2411",34000,419,285
1731588471,2024-11-14T12:47:51Z,SAS957,"61.05377,11.11766",34000,420,284
1731588504,2024-11-14T12:48:24Z,SAS957,"61.07034,10.98907",34000,420,284
1731588538,2024-11-14T12:48:58Z,SAS957,"61.08705,10.85832",34000,420,284
1731588571,2024-11-14T12:49:31Z,SAS957,"61.10326,10.73021",34000,422,284
1731588601,2024-11-14T12:50:01Z,SAS957,"61.11811,10.61239",34000,425,284
1731588635,2024-11-14T12:50:35Z,SAS957,"61.13443,10.48115",34000,426,284
1731588668,2024-11-14T12:51:08Z,SAS957,"61.15055,10.35095",34000,427,284
1731588701,2024-11-14T12:51:41Z,SAS957,"61.16647,10.22141",33975,429,284
1731588734,2024-11-14T12:52:14Z,SAS957,"61.18258,10.08901",34000,426,284
1731588765,2024-11-14T12:52:45Z,SAS957,"61.19733,9.96646",34000,426,283
1731588797,2024-11-14T12:53:17Z,SAS957,"61.21248,9.84012",34000,427,283
1731588830,2024-11-14T12:53:50Z,SAS957,"61.22809,9.70799",34000,428,283
1731588862,2024-11-14T12:54:22Z,SAS957,"61.24273,9.58293",34000,427,283
1731588895,2024-11-14T12:54:55Z,SAS957,"61.25814,9.45068",34000,426,283
1731588926,2024-11-14T12:55:26Z,SAS957,"61.27233,9.32729",34000,428,283
1731588958,2024-11-14T12:55:58Z,SAS957,"61.28705,9.1985",34000,430,283
1731588991,2024-11-14T12:56:31Z,SAS957,"61.30211,9.06509",34000,430,283
1731589025,2024-11-14T12:57:05Z,SAS957,"61.31717,8.93087",34000,431,283
1731589055,2024-11-14T12:57:35Z,SAS957,"61.3309,8.80662",34000,427,282
1731589089,2024-11-14T12:58:09Z,SAS957,"61.34514,8.67747",34000,423,282
1731589120,2024-11-14T12:58:40Z,SAS957,"61.35915,8.54909",34000,429,282
1731589151,2024-11-14T12:59:11Z,SAS957,"61.37251,8.42494",34000,428,282
1731589185,2024-11-14T12:59:45Z,SAS957,"61.38721,8.28781",34000,430,282
1731589216,2024-11-14T13:00:16Z,SAS957,"61.40048,8.16255",34000,435,282
1731589248,2024-11-14T13:00:48Z,SAS957,"61.4139,8.03375",34000,431,282
1731589282,2024-11-14T13:01:22Z,SAS957,"61.42819,7.89551",34000,430,282
1731589313,2024-11-14T13:01:53Z,SAS957,"61.44127,7.76845",34000,429,281
1731589344,2024-11-14T13:02:24Z,SAS957,"61.45412,7.64191",34000,427,281
1731589375,2024-11-14T13:02:55Z,SAS957,"61.46664,7.51709",34000,426,281
1731589409,2024-11-14T13:03:29Z,SAS957,"61.48013,7.38173",34000,426,281
1731589443,2024-11-14T13:04:03Z,SAS957,"61.49332,7.24764",34000,425,281
1731589475,2024-11-14T13:04:35Z,SAS957,"61.5059,7.11836",34000,424,281
1731589505,2024-11-14T13:05:05Z,SAS957,"61.51781,6.99466",34000,426,281
1731589539,2024-11-14T13:05:39Z,SAS957,"61.53072,6.85939",34000,428,281
1731589570,2024-11-14T13:06:10Z,SAS957,"61.54257,6.73374",34000,430,281
1731589600,2024-11-14T13:06:40Z,SAS957,"61.55411,6.60985",34000,428,280
1731589632,2024-11-14T13:07:12Z,SAS957,"61.56603,6.48031",34000,428,280
1731589664,2024-11-14T13:07:44Z,SAS957,"61.57781,6.35203",34000,425,280
1731589695,2024-11-14T13:08:15Z,SAS957,"61.58922,6.22562",34000,424,280
1731589726,2024-11-14T13:08:46Z,SAS957,"61.60025,6.10189",34000,424,280
1731589757,2024-11-14T13:09:17Z,SAS957,"61.61119,5.97794",34000,422,280
1731589790,2024-11-14T13:09:50Z,SAS957,"61.62314,5.84139",34000,423,280
1731589821,2024-11-14T13:10:21Z,SAS957,"61.63381,5.71747",34000,425,280
1731589855,2024-11-14T13:10:55Z,SAS957,"61.64557,5.57939",34000,426,280
1731589888,2024-11-14T13:11:28Z,SAS957,"61.65678,5.44657",34000,427,279
1731589919,2024-11-14T13:11:59Z,SAS957,"61.6675,5.31807",34000,427,279
1731589950,2024-11-14T13:12:30Z,SAS957,"61.6779,5.19124",34000,426,279
1731589981,2024-11-14T13:13:01Z,SAS957,"61.68809,5.06578",34000,423,279
1731590015,2024-11-14T13:13:35Z,SAS957,"61.69926,4.92668",34000,424,279
1731590048,2024-11-14T13:14:08Z,SAS957,"61.70988,4.7937",34000,423,279
1731590082,2024-11-14T13:14:42Z,SAS957,"61.72055,4.65703",34000,424,279
1731590112,2024-11-14T13:15:12Z,SAS957,"61.73007,4.53392",34000,425,279
1731590143,2024-11-14T13:15:43Z,SAS957,"61.73981,4.40572",34000,426,279
1731590174,2024-11-14T13:16:14Z,SAS957,"61.74936,4.27887",34000,426,279
1731590208,2024-11-14T13:16:48Z,SAS957,"61.75951,4.14243",34000,427,278
1731590239,2024-11-14T13:17:19Z,SAS957,"61.76877,4.01611",34000,426,278
1731590273,2024-11-14T13:17:53Z,SAS957,"61.77882,3.8766",34000,426,278
1731590303,2024-11-14T13:18:23Z,SAS957,"61.78781,3.75081",34000,426,278
1731590335,2024-11-14T13:18:55Z,SAS957,"61.79681,3.62255",34000,425,278
1731590366,2024-11-14T13:19:26Z,SAS957,"61.80578,3.49274",34000,425,278
1731590400,2024-11-14T13:20:00Z,SAS957,"61.81513,3.35582",34000,425,278
1731590431,2024-11-14T13:20:31Z,SAS957,"61.8237,3.22825",34000,426,278
1731590462,2024-11-14T13:21:02Z,SAS957,"61.83217,3.10069",34000,427,277
1731590492,2024-11-14T13:21:32Z,SAS957,"61.84032,2.97658",34000,427,277
1731590526,2024-11-14T13:22:06Z,SAS957,"61.84935,2.83651",34000,428,277
1731590557,2024-11-14T13:22:37Z,SAS957,"61.85738,2.7094",34000,426,277
1731590588,2024-11-14T13:23:08Z,SAS957,"61.86536,2.58128",34000,425,277
1731590621,2024-11-14T13:23:41Z,SAS957,"61.87376,2.44377",34000,424,277
1731590654,2024-11-14T13:24:14Z,SAS957,"61.88203,2.30682",34000,425,277
1731590685,2024-11-14T13:24:45Z,SAS957,"61.88962,2.17946",34000,426,277
1731590716,2024-11-14T13:25:16Z,SAS957,"61.89706,2.0521",34000,427,276
1731590747,2024-11-14T13:25:47Z,SAS957,"61.90447,1.92312",34000,428,276
1731590780,2024-11-14T13:26:20Z,SAS957,"61.91226,1.78498",34000,429,276
1731590811,2024-11-14T13:26:51Z,SAS957,"61.91941,1.65619",34000,429,276
1731590843,2024-11-14T13:27:23Z,SAS957,"61.92653,1.52486",34000,430,276
1731590873,2024-11-14T13:27:53Z,SAS957,"61.93347,1.39679",34000,430,276
1731590906,2024-11-14T13:28:26Z,SAS957,"61.94059,1.26007",34000,431,276
1731590938,2024-11-14T13:28:58Z,SAS957,"61.94742,1.1262",34000,430,276
1731590970,2024-11-14T13:29:30Z,SAS957,"61.95415,0.99299",34000,430,276
1731591002,2024-11-14T13:30:02Z,SAS957,"61.96083,0.8586",34000,432,275
1731591032,2024-11-14T13:30:32Z,SAS957,"61.96706,0.72971",34000,433,275
1731591065,2024-11-14T13:31:05Z,SAS957,"61.97374,0.58924",34000,432,275
1731591097,2024-11-14T13:31:37Z,SAS957,"61.97987,0.45682",34000,433,275
1731591128,2024-11-14T13:32:08Z,SAS957,"61.98587,0.32665",34000,434,275
1731591160,2024-11-14T13:32:40Z,SAS957,"61.9921,0.18765",34000,434,275
1731591194,2024-11-14T13:33:14Z,SAS957,"62.00084,0.04728",34000,431,281
1731591204,2024-11-14T13:33:24Z,SAS957,"62.00546,0.00765",34000,428,285
1731591213,2024-11-14T13:33:33Z,SAS957,"62.01077,-0.02864",34000,426,288
1731591216,2024-11-14T13:33:36Z,SAS957,"62.01279,-0.0409",34000,426,289
1731591229,2024-11-14T13:33:49Z,SAS957,"62.02211,-0.09074",34000,423,293
1731591260,2024-11-14T13:34:20Z,SAS957,"62.04654,-0.20976",34000,424,289
1731591269,2024-11-14T13:34:29Z,SAS957,"62.05174,-0.24484",34000,425,286
1731591272,2024-11-14T13:34:32Z,SAS957,"62.05367,-0.25887",34000,426,285
1731591303,2024-11-14T13:35:03Z,SAS957,"62.07061,-0.3834",34000,425,286
1731591335,2024-11-14T13:35:35Z,SAS957,"62.08795,-0.50949",34000,424,286
1731591366,2024-11-14T13:36:06Z,SAS957,"62.10503,-0.63534",34000,422,286
1731591399,2024-11-14T13:36:39Z,SAS957,"62.1226,-0.76659",34000,420,285
1731591430,2024-11-14T13:37:10Z,SAS957,"62.13891,-0.88936",34000,419,285
1731591464,2024-11-14T13:37:44Z,SAS957,"62.15683,-1.02521",34000,420,285
1731591497,2024-11-14T13:38:17Z,SAS957,"62.17415,-1.15773",34000,420,285
1731591528,2024-11-14T13:38:48Z,SAS957,"62.19017,-1.28123",34000,419,285
1731591562,2024-11-14T13:39:22Z,SAS957,"62.20715,-1.41301",34000,421,285
1731591592,2024-11-14T13:39:52Z,SAS957,"62.22303,-1.53745",34000,421,285
1731591626,2024-11-14T13:40:26Z,SAS957,"62.24011,-1.67216",34000,422,285
1731591655,2024-11-14T13:40:55Z,SAS957,"62.25515,-1.79162",34025,422,285
1731591690,2024-11-14T13:41:30Z,SAS957,"62.27246,-1.93",34400,424,284
1731591720,2024-11-14T13:42:00Z,SAS957,"62.28759,-2.05286",34850,423,284
1731591753,2024-11-14T13:42:33Z,SAS957,"62.30398,-2.1867",35325,419,284
1731591785,2024-11-14T13:43:05Z,SAS957,"62.3194,-2.31364",35725,418,284
1731591818,2024-11-14T13:43:38Z,SAS957,"62.33531,-2.44594",36000,418,284
1731591852,2024-11-14T13:44:12Z,SAS957,"62.35144,-2.58107",36000,416,284
1731591885,2024-11-14T13:44:45Z,SAS957,"62.36714,-2.71393",36000,414,284
1731591915,2024-11-14T13:45:15Z,SAS957,"62.38116,-2.8331",36000,419,284
1731591948,2024-11-14T13:45:48Z,SAS957,"62.39694,-2.96916",36000,420,284
1731591982,2024-11-14T13:46:22Z,SAS957,"62.41255,-3.10476",36000,421,283
1731592015,2024-11-14T13:46:55Z,SAS957,"62.42818,-3.24181",36000,420,283
1731592047,2024-11-14T13:47:27Z,SAS957,"62.44266,-3.37006",36000,419,283
1731592077,2024-11-14T13:47:57Z,SAS957,"62.45625,-3.49196",36000,420,283
1731592108,2024-11-14T13:48:28Z,SAS957,"62.47028,-3.61837",36000,421,283
1731592142,2024-11-14T13:49:02Z,SAS957,"62.48539,-3.75606",36000,421,283
1731592173,2024-11-14T13:49:33Z,SAS957,"62.49921,-3.88275",36000,422,283
1731592205,2024-11-14T13:50:05Z,SAS957,"62.51326,-4.01347",36000,421,283
1731592236,2024-11-14T13:50:36Z,SAS957,"62.5271,-4.14343",36000,422,283
1731592267,2024-11-14T13:51:07Z,SAS957,"62.54045,-4.26971",36000,421,282
1731592300,2024-11-14T13:51:40Z,SAS957,"62.55471,-4.40626",36000,423,282
1731592325,2024-11-14T13:52:05Z,SAS957,"62.56495,-4.50492",36000,424,282
1731592401,2024-11-14T13:53:21Z,SAS957,"62.59754,-4.82405",36000,423,282
1731592431,2024-11-14T13:53:51Z,SAS957,"62.60994,-4.94782",36000,422,282
1731592437,2024-11-14T13:53:57Z,SAS957,"62.61243,-4.973",36000,422,282
1731592497,2024-11-14T13:54:57Z,SAS957,"62.63667,-5.21851",36000,425,281
1731592529,2024-11-14T13:55:29Z,SAS957,"62.64986,-5.35383",36000,425,281
1731592561,2024-11-14T13:56:01Z,SAS957,"62.66286,-5.48869",36000,424,281
1731592594,2024-11-14T13:56:34Z,SAS957,"62.67554,-5.62235",36000,424,281
1731592625,2024-11-14T13:57:05Z,SAS957,"62.68776,-5.75185",36000,410,281
1731592658,2024-11-14T13:57:38Z,SAS957,"62.7006,-5.89004",36000,423,281
1731592690,2024-11-14T13:58:10Z,SAS957,"62.71289,-6.02315",36025,421,281
1731592724,2024-11-14T13:58:44Z,SAS957,"62.72548,-6.16191",36000,423,281
1731592755,2024-11-14T13:59:15Z,SAS957,"62.73747,-6.29506",36000,420,281
1731592788,2024-11-14T13:59:48Z,SAS957,"62.74943,-6.43017",36000,420,281
1731592820,2024-11-14T14:00:20Z,SAS957,"62.76109,-6.5628",36000,422,280
1731592853,2024-11-14T14:00:53Z,SAS957,"62.77322,-6.7024",36025,420,280
1731592886,2024-11-14T14:01:26Z,SAS957,"62.78513,-6.84072",36000,421,280
1731592918,2024-11-14T14:01:58Z,SAS957,"62.79627,-6.97209",36000,415,280
1731592950,2024-11-14T14:02:30Z,SAS957,"62.80721,-7.10266",36000,406,280
1731592981,2024-11-14T14:03:01Z,SAS957,"62.81744,-7.22666",36000,404,280
1731593013,2024-11-14T14:03:33Z,SAS957,"62.82778,-7.35302",36000,404,280
1731593044,2024-11-14T14:04:04Z,SAS957,"62.83803,-7.47915",36000,404,279
1731593076,2024-11-14T14:04:36Z,SAS957,"62.84817,-7.60687",36000,402,279
1731593107,2024-11-14T14:05:07Z,SAS957,"62.85809,-7.73244",36000,402,279
1731593566,2024-11-14T14:12:46Z,SAS957,"62.99066,-9.58201",36000,400,278
1731593599,2024-11-14T14:13:19Z,SAS957,"62.99905,-9.7135",36000,400,277
1731593631,2024-11-14T14:13:51Z,SAS957,"63.00732,-9.84406",36000,401,277
1731593663,2024-11-14T14:14:23Z,SAS957,"63.01588,-9.97121",36000,403,280
1731593695,2024-11-14T14:14:55Z,SAS957,"63.0314,-10.09888",36000,406,287
1731593726,2024-11-14T14:15:26Z,SAS957,"63.04861,-10.22268",36000,408,286
1731593758,2024-11-14T14:15:58Z,SAS957,"63.06592,-10.34943",36000,409,286
1731593790,2024-11-14T14:16:30Z,SAS957,"63.0834,-10.4777",36000,411,286
1731593821,2024-11-14T14:17:01Z,SAS957,"63.10002,-10.60069",36000,410,286
1731593853,2024-11-14T14:17:33Z,SAS957,"63.11706,-10.72783",36000,409,286
1731593884,2024-11-14T14:18:04Z,SAS957,"63.13363,-10.8527",36000,409,286
1731593916,2024-11-14T14:18:36Z,SAS957,"63.15016,-10.97809",36000,410,286
1731593947,2024-11-14T14:19:07Z,SAS957,"63.16653,-11.10331",36000,412,286
1731593977,2024-11-14T14:19:37Z,SAS957,"63.1826,-11.22732",36000,412,286
1731594009,2024-11-14T14:20:09Z,SAS957,"63.19876,-11.35264",36000,412,285
1731594039,2024-11-14T14:20:39Z,SAS957,"63.21491,-11.47907",36000,412,285
1731594071,2024-11-14T14:21:11Z,SAS957,"63.23126,-11.60822",36000,413,285
1731594102,2024-11-14T14:21:42Z,SAS957,"63.24724,-11.73551",36000,412,285
1731594134,2024-11-14T14:22:14Z,SAS957,"63.26337,-11.8648",36000,412,285
1731594165,2024-11-14T14:22:45Z,SAS957,"63.27901,-11.99126",36000,413,285
1731594197,2024-11-14T14:23:17Z,SAS957,"63.29462,-12.11855",36000,413,285
1731594228,2024-11-14T14:23:48Z,SAS957,"63.31,-12.24542",36000,412,285
1731594259,2024-11-14T14:24:19Z,SAS957,"63.32538,-12.3728",36000,412,284
1731594290,2024-11-14T14:24:50Z,SAS957,"63.34053,-12.49969",36000,411,284
1731594324,2024-11-14T14:25:24Z,SAS957,"63.35696,-12.63893",36000,409,284
1731594355,2024-11-14T14:25:55Z,SAS957,"63.37184,-12.76537",36000,407,284
1731594387,2024-11-14T14:26:27Z,SAS957,"63.3866,-12.89213",36000,406,284
1731594418,2024-11-14T14:26:58Z,SAS957,"63.40105,-13.01743",36000,406,284
1731594449,2024-11-14T14:27:29Z,SAS957,"63.4156,-13.14483",36000,405,284
1731594481,2024-11-14T14:28:01Z,SAS957,"63.43012,-13.27269",36000,405,284
1731594512,2024-11-14T14:28:32Z,SAS957,"63.44432,-13.39936",36000,406,284
1731594543,2024-11-14T14:29:03Z,SAS957,"63.45831,-13.52501",36000,405,284
1731594574,2024-11-14T14:29:34Z,SAS957,"63.47226,-13.6515",36000,405,283
1731594606,2024-11-14T14:30:06Z,SAS957,"63.4861,-13.77802",36000,406,283
1731594636,2024-11-14T14:30:36Z,SAS957,"63.49965,-13.9033",36000,407,283
1731594668,2024-11-14T14:31:08Z,SAS957,"63.51369,-14.03416",36000,408,283
1731594702,2024-11-14T14:31:42Z,SAS957,"63.52831,-14.17162",36000,407,283
1731594733,2024-11-14T14:32:13Z,SAS957,"63.54167,-14.29849",36000,406,283
1731594764,2024-11-14T14:32:44Z,SAS957,"63.55512,-14.42714",36000,407,283
1731594795,2024-11-14T14:33:15Z,SAS957,"63.5684,-14.55572",36000,408,283
1731594826,2024-11-14T14:33:46Z,SAS957,"63.58122,-14.68112",36000,408,282
1731594857,2024-11-14T14:34:17Z,SAS957,"63.59422,-14.80904",36000,405,282
1731594888,2024-11-14T14:34:48Z,SAS957,"63.60704,-14.93665",36000,403,282
1731594919,2024-11-14T14:35:19Z,SAS957,"63.61935,-15.06057",36000,402,282
1731594950,2024-11-14T14:35:50Z,SAS957,"63.63188,-15.18772",36000,400,282
1731594981,2024-11-14T14:36:21Z,SAS957,"63.64412,-15.31357",36000,401,282
1731595013,2024-11-14T14:36:53Z,SAS957,"63.65666,-15.44382",36000,399,282
1731595046,2024-11-14T14:37:26Z,SAS957,"63.66936,-15.57631",36000,397,282
1731595080,2024-11-14T14:38:00Z,SAS957,"63.68206,-15.71111",36000,399,282
1731595111,2024-11-14T14:38:31Z,SAS957,"63.69388,-15.83774",36000,399,281
1731595142,2024-11-14T14:39:02Z,SAS957,"63.70555,-15.96345",36000,398,281
1731595174,2024-11-14T14:39:34Z,SAS957,"63.71741,-16.09265",36000,400,281
1731595205,2024-11-14T14:40:05Z,SAS957,"63.72913,-16.22184",36000,400,281
1731595236,2024-11-14T14:40:36Z,SAS957,"63.74025,-16.34568",36000,399,281
1731595266,2024-11-14T14:41:06Z,SAS957,"63.75128,-16.47041",36000,397,281
1731595302,2024-11-14T14:41:42Z,SAS957,"63.76392,-16.6145",36000,396,281
1731595333,2024-11-14T14:42:13Z,SAS957,"63.77484,-16.73998",36000,392,281
1731595365,2024-11-14T14:42:45Z,SAS957,"63.78584,-16.86845",36000,393,280
1731595396,2024-11-14T14:43:16Z,SAS957,"63.79635,-16.992",36000,389,280
1731595427,2024-11-14T14:43:47Z,SAS957,"63.80664,-17.11483",36000,389,280
1731595461,2024-11-14T14:44:21Z,SAS957,"63.81791,-17.2504",36000,388,280
1731595492,2024-11-14T14:44:52Z,SAS957,"63.82814,-17.37521",36000,384,280
1731595526,2024-11-14T14:45:26Z,SAS957,"63.83899,-17.50914",36000,385,280
1731595559,2024-11-14T14:45:59Z,SAS957,"63.84914,-17.63613",36000,383,280
1731595592,2024-11-14T14:46:32Z,SAS957,"63.85952,-17.76764",36000,384,280
1731595626,2024-11-14T14:47:06Z,SAS957,"63.87018,-17.90332",36000,382,279
1731595656,2024-11-14T14:47:36Z,SAS957,"63.87931,-18.02175",36000,383,279
1731595688,2024-11-14T14:48:08Z,SAS957,"63.88884,-18.14646",36000,379,279
1731595719,2024-11-14T14:48:39Z,SAS957,"63.898,-18.26741",36000,378,279
1731595750,2024-11-14T14:49:10Z,SAS957,"63.90682,-18.38584",35975,374,279
1731595780,2024-11-14T14:49:40Z,SAS957,"63.91552,-18.50449",36000,376,279
1731595811,2024-11-14T14:50:11Z,SAS957,"63.92437,-18.62589",36025,375,279
1731595843,2024-11-14T14:50:43Z,SAS957,"63.93321,-18.75037",35975,382,279
1731595876,2024-11-14T14:51:16Z,SAS957,"63.94235,-18.87832",36000,380,279
1731595907,2024-11-14T14:51:47Z,SAS957,"63.95123,-19.00415",36025,383,279
1731595941,2024-11-14T14:52:21Z,SAS957,"63.96034,-19.13713",36000,388,278
1731595973,2024-11-14T14:52:53Z,SAS957,"63.96934,-19.26848",35975,387,278
1731596005,2024-11-14T14:53:25Z,SAS957,"63.97804,-19.39647",36000,380,278
1731596037,2024-11-14T14:53:57Z,SAS957,"63.98638,-19.52128",36000,377,278
1731596069,2024-11-14T14:54:29Z,SAS957,"63.99448,-19.64696",36000,377,278
1731596103,2024-11-14T14:55:03Z,SAS957,"64.00304,-19.77979",36000,375,278
1731596137,2024-11-14T14:55:37Z,SAS957,"64.01148,-19.91219",36000,373,278
1731596171,2024-11-14T14:56:11Z,SAS957,"64.02329,-20.04128",36000,382,285
1731596203,2024-11-14T14:56:43Z,SAS957,"64.04082,-20.16657",36000,383,287
1731596235,2024-11-14T14:57:15Z,SAS957,"64.05737,-20.28757",36000,382,287
1731596266,2024-11-14T14:57:46Z,SAS957,"64.07348,-20.40677",36000,381,287
1731596299,2024-11-14T14:58:19Z,SAS957,"64.09058,-20.53366",36000,382,287
1731596330,2024-11-14T14:58:50Z,SAS957,"64.10671,-20.65441",36000,383,287
1731596363,2024-11-14T14:59:23Z,SAS957,"64.12375,-20.78306",36000,385,286
1731596395,2024-11-14T14:59:55Z,SAS957,"64.14006,-20.90688",36000,386,286
1731596426,2024-11-14T15:00:26Z,SAS957,"64.15617,-21.03026",36000,388,286
1731596460,2024-11-14T15:01:00Z,SAS957,"64.1732,-21.16167",36000,391,286
1731596494,2024-11-14T15:01:34Z,SAS957,"64.19065,-21.29711",36000,392,286
1731596525,2024-11-14T15:02:05Z,SAS957,"64.20602,-21.41721",36000,391,286
1731596556,2024-11-14T15:02:36Z,SAS957,"64.22186,-21.54218",36000,391,286
1731596586,2024-11-14T15:03:06Z,SAS957,"64.2372,-21.66409",36000,390,286
1731596619,2024-11-14T15:03:39Z,SAS957,"64.25317,-21.79248",36000,389,285
1731596650,2024-11-14T15:04:10Z,SAS957,"64.26846,-21.91619",36000,388,285
1731596680,2024-11-14T15:04:40Z,SAS957,"64.28333,-22.0372",36000,390,285
1731596712,2024-11-14T15:05:12Z,SAS957,"64.29845,-22.1614",36000,390,285
1731596742,2024-11-14T15:05:42Z,SAS957,"64.31322,-22.28394",36000,392,285
1731596774,2024-11-14T15:06:14Z,SAS957,"64.32834,-22.41057",36000,395,285
1731596804,2024-11-14T15:06:44Z,SAS957,"64.34311,-22.5349",36000,397,285
1731596835,2024-11-14T15:07:15Z,SAS957,"64.35796,-22.66079",36000,396,285
1731596869,2024-11-14T15:07:49Z,SAS957,"64.37415,-22.79926",36000,396,285
1731596900,2024-11-14T15:08:20Z,SAS957,"64.3889,-22.92671",36000,398,284
1731596931,2024-11-14T15:08:51Z,SAS957,"64.40327,-23.05151",36000,397,284
1731596962,2024-11-14T15:09:22Z,SAS957,"64.41763,-23.17783",36000,397,284
1731596994,2024-11-14T15:09:54Z,SAS957,"64.43253,-23.3099",36000,396,284
1731597027,2024-11-14T15:10:27Z,SAS957,"64.4474,-23.44263",36000,397,284
1731597057,2024-11-14T15:10:57Z,SAS957,"64.46107,-23.5667",36000,398,284
1731597088,2024-11-14T15:11:28Z,SAS957,"64.47546,-23.69785",36000,402,284
1731597119,2024-11-14T15:11:59Z,SAS957,"64.48938,-23.82594",36000,402,284
1731597152,2024-11-14T15:12:32Z,SAS957,"64.50446,-23.96576",36000,404,284
1731597186,2024-11-14T15:13:06Z,SAS957,"64.51949,-24.10652",36000,406,283
1731597218,2024-11-14T15:13:38Z,SAS957,"64.53374,-24.24122",36000,408,283
1731597249,2024-11-14T15:14:09Z,SAS957,"64.54756,-24.37306",36000,409,283
1731597280,2024-11-14T15:14:40Z,SAS957,"64.56157,-24.50874",36000,410,283
1731597312,2024-11-14T15:15:12Z,SAS957,"64.57521,-24.64178",36000,411,283
1731597343,2024-11-14T15:15:43Z,SAS957,"64.58885,-24.77549",36000,412,283
1731597373,2024-11-14T15:16:13Z,SAS957,"64.60217,-24.90807",36000,413,283
1731597404,2024-11-14T15:16:44Z,SAS957,"64.61549,-25.0418",36000,412,282
1731597436,2024-11-14T15:17:16Z,SAS957,"64.62891,-25.17726",36000,413,283
1731597467,2024-11-14T15:17:47Z,SAS957,"64.64214,-25.31294",36000,414,282
1731597498,2024-11-14T15:18:18Z,SAS957,"64.65505,-25.44708",36000,418,282
1731597528,2024-11-14T15:18:48Z,SAS957,"64.66791,-25.58188",36000,420,282
1731597560,2024-11-14T15:19:20Z,SAS957,"64.68137,-25.72471",36000,424,282
1731597594,2024-11-14T15:19:54Z,SAS957,"64.69556,-25.87624",36000,426,282
1731597625,2024-11-14T15:20:25Z,SAS957,"64.7083,-26.01334",36000,422,282
1731597656,2024-11-14T15:20:56Z,SAS957,"64.72105,-26.15252",36000,420,282
1731597688,2024-11-14T15:21:28Z,SAS957,"64.73364,-26.29182",36000,417,281
1731597721,2024-11-14T15:22:01Z,SAS957,"64.74651,-26.43662",36000,416,281
1731597752,2024-11-14T15:22:32Z,SAS957,"64.75845,-26.57186",36000,415,281
1731597782,2024-11-14T15:23:02Z,SAS957,"64.77017,-26.70601",36000,414,281
1731597814,2024-11-14T15:23:34Z,SAS957,"64.78205,-26.84372",36000,414,281
1731597845,2024-11-14T15:24:05Z,SAS957,"64.79379,-26.98154",36000,414,281
1731597876,2024-11-14T15:24:36Z,SAS957,"64.80514,-27.11597",36000,414,281
1731597901,2024-11-14T15:25:01Z,SAS957,"64.81049,-27.22595",36000,403,270
1731597904,2024-11-14T15:25:04Z,SAS957,"64.8103,-27.23854",36000,401,268
1731597907,2024-11-14T15:25:07Z,SAS957,"64.80995,-27.25324",36000,399,266
1731597910,2024-11-14T15:25:10Z,SAS957,"64.80961,-27.26612",36000,399,266
1731597913,2024-11-14T15:25:13Z,SAS957,"64.80924,-27.27951",36000,399,266
1731597916,2024-11-14T15:25:16Z,SAS957,"64.80894,-27.29246",36000,400,266
1731597920,2024-11-14T15:25:20Z,SAS957,"64.80867,-27.3063",36000,400,266
1731597951,2024-11-14T15:25:51Z,SAS957,"64.80611,-27.44121",36000,402,267
1731597981,2024-11-14T15:26:21Z,SAS957,"64.8035,-27.5747",36000,403,267
1731598013,2024-11-14T15:26:53Z,SAS957,"64.80057,-27.71246",36000,403,267
1731598043,2024-11-14T15:27:23Z,SAS957,"64.79759,-27.84507",36000,404,266
1731598075,2024-11-14T15:27:55Z,SAS957,"64.79433,-27.98218",36000,404,266
1731598106,2024-11-14T15:28:26Z,SAS957,"64.791,-28.11885",36000,404,266
1731598137,2024-11-14T15:28:57Z,SAS957,"64.78757,-28.25464",36000,405,266
1731598171,2024-11-14T15:29:31Z,SAS957,"64.78359,-28.40471",36000,407,266
1731598202,2024-11-14T15:30:02Z,SAS957,"64.77982,-28.54156",36000,409,266
1731598234,2024-11-14T15:30:34Z,SAS957,"64.7806,-28.68244",36000,418,276
1731598237,2024-11-14T15:30:37Z,SAS957,"64.78135,-28.69721",36000,418,276
1731598240,2024-11-14T15:30:40Z,SAS957,"64.78198,-28.7098",36000,418,276
1731598243,2024-11-14T15:30:43Z,SAS957,"64.78279,-28.72513",36000,419,277
1731598275,2024-11-14T15:31:15Z,SAS957,"64.78633,-28.86471",36000,412,269
1731598306,2024-11-14T15:31:46Z,SAS957,"64.78265,-29.00356",36000,408,265
1731598338,2024-11-14T15:32:18Z,SAS957,"64.77841,-29.14321",36000,408,265
1731598370,2024-11-14T15:32:50Z,SAS957,"64.77397,-29.28208",36000,408,265
1731598401,2024-11-14T15:33:21Z,SAS957,"64.76943,-29.42001",36000,408,265
1731598435,2024-11-14T15:33:55Z,SAS957,"64.76422,-29.57091",36000,408,265
1731598466,2024-11-14T15:34:26Z,SAS957,"64.75946,-29.70527",36000,408,265
1731598498,2024-11-14T15:34:58Z,SAS957,"64.75442,-29.84359",36000,408,265
1731598529,2024-11-14T15:35:29Z,SAS957,"64.74941,-29.97997",36000,407,265
1731598560,2024-11-14T15:36:00Z,SAS957,"64.74422,-30.11682",36000,406,264
1731598591,2024-11-14T15:36:31Z,SAS957,"64.73882,-30.25448",36000,407,264
1731598622,2024-11-14T15:37:02Z,SAS957,"64.73341,-30.38851",36000,409,264
1731598653,2024-11-14T15:37:33Z,SAS957,"64.72783,-30.52485",36000,409,264
1731598684,2024-11-14T15:38:04Z,SAS957,"64.72215,-30.66032",36000,409,264
1731598715,2024-11-14T15:38:35Z,SAS957,"64.71627,-30.79708",36025,411,264
1731598746,2024-11-14T15:39:06Z,SAS957,"64.71018,-30.93624",36000,413,264
1731598777,2024-11-14T15:39:37Z,SAS957,"64.70407,-31.07351",36000,416,264
1731598808,2024-11-14T15:40:08Z,SAS957,"64.69789,-31.20974",36000,415,263
1731598842,2024-11-14T15:40:42Z,SAS957,"64.69089,-31.36102",36025,413,263
1731598873,2024-11-14T15:41:13Z,SAS957,"64.68443,-31.49723",36000,413,263
1731598904,2024-11-14T15:41:44Z,SAS957,"64.67766,-31.6359",36000,413,263
1731598936,2024-11-14T15:42:16Z,SAS957,"64.67079,-31.77532",36000,412,263
1731598967,2024-11-14T15:42:47Z,SAS957,"64.66389,-31.91151",36000,405,263
1731598998,2024-11-14T15:43:18Z,SAS957,"64.65729,-32.0424",36000,396,263
1731599029,2024-11-14T15:43:49Z,SAS957,"64.65024,-32.17555",35975,399,262
1731599060,2024-11-14T15:44:20Z,SAS957,"64.64314,-32.30782",36000,399,262
1731599091,2024-11-14T15:44:51Z,SAS957,"64.63592,-32.44034",36000,401,262
1731599123,2024-11-14T15:45:23Z,SAS957,"64.62845,-32.57589",36000,402,262
1731599154,2024-11-14T15:45:54Z,SAS957,"64.62088,-32.71042",36000,407,262
1731599185,2024-11-14T15:46:25Z,SAS957,"64.61316,-32.8456",36000,409,262
1731599216,2024-11-14T15:46:56Z,SAS957,"64.60529,-32.98085",36000,410,262
1731599247,2024-11-14T15:47:27Z,SAS957,"64.59732,-33.11653",36000,409,262
1731599282,2024-11-14T15:48:02Z,SAS957,"64.58858,-33.26248",36000,410,262
1731599316,2024-11-14T15:48:36Z,SAS957,"64.57928,-33.41558",36000,411,261
1731599348,2024-11-14T15:49:08Z,SAS957,"64.57126,-33.54549",36000,408,261
1731599378,2024-11-14T15:49:38Z,SAS957,"64.56248,-33.68562",36000,405,261
1731599409,2024-11-14T15:50:09Z,SAS957,"64.55429,-33.81515",36000,399,261
1731599440,2024-11-14T15:50:40Z,SAS957,"64.54565,-33.94833",36000,395,261
1731599471,2024-11-14T15:51:11Z,SAS957,"64.53732,-34.07433",36025,392,261
1731599503,2024-11-14T15:51:43Z,SAS957,"64.52852,-34.20571",36000,391,261
1731599535,2024-11-14T15:52:15Z,SAS957,"64.51917,-34.34418",36000,388,260
1731599567,2024-11-14T15:52:47Z,SAS957,"64.51023,-34.47441",36000,389,260
1731599598,2024-11-14T15:53:18Z,SAS957,"64.50129,-34.60224",36000,386,260
1731599630,2024-11-14T15:53:50Z,SAS957,"64.49222,-34.73185",36000,381,260
1731599662,2024-11-14T15:54:22Z,SAS957,"64.48311,-34.85962",36000,387,260
1731599693,2024-11-14T15:54:53Z,SAS957,"64.47373,-34.98917",36000,395,260
1731599724,2024-11-14T15:55:24Z,SAS957,"64.46414,-35.11917",36000,400,260
1731599756,2024-11-14T15:55:56Z,SAS957,"64.45422,-35.25348",36000,402,260
1731600245,2024-11-14T16:04:05Z,SAS957,"64.27947,-37.37618",36000,440,258
1731600277,2024-11-14T16:04:37Z,SAS957,"64.26648,-37.5198",36000,441,258
1731600289,2024-11-14T16:04:49Z,SAS957,"64.26122,-37.57851",35975,441,258
1731600435,2024-11-14T16:07:15Z,SAS957,"64.20012,-38.22767",35975,432,257
1731600454,2024-11-14T16:07:34Z,SAS957,"64.19156,-38.31471",36000,433,257
1731600642,2024-11-14T16:10:42Z,SAS957,"64.10403,-39.18834",36000,461,256
1731600673,2024-11-14T16:11:13Z,SAS957,"64.08879,-39.33457",36050,450,256
1731600707,2024-11-14T16:11:47Z,SAS957,"64.07213,-39.492",35950,455,256
1731600737,2024-11-14T16:12:17Z,SAS957,"64.05707,-39.63276",36000,440,256
1731600769,2024-11-14T16:12:49Z,SAS957,"64.04215,-39.77084",36025,434,256
1731600800,2024-11-14T16:13:20Z,SAS957,"64.02697,-39.91091",35950,445,256
1731600831,2024-11-14T16:13:51Z,SAS957,"64.00984,-40.05253",36000,451,251
1731600862,2024-11-14T16:14:22Z,SAS957,"63.9881,-40.19117",36050,456,250
1731600893,2024-11-14T16:14:53Z,SAS957,"63.96634,-40.33092",35950,453,250
1731600924,2024-11-14T16:15:24Z,SAS957,"63.94409,-40.46666",35875,441,246
1731600955,2024-11-14T16:15:55Z,SAS957,"63.91837,-40.59261",35275,409,246
1731600986,2024-11-14T16:16:26Z,SAS957,"63.90119,-40.71478",34475,378,255
1731601017,2024-11-14T16:16:57Z,SAS957,"63.88623,-40.83291",33275,385,252
1731601048,2024-11-14T16:17:28Z,SAS957,"63.86813,-40.95187",32150,385,250
1731601125,2024-11-14T16:18:45Z,SAS957,"63.82116,-41.23696",30700,369,249
1731601157,2024-11-14T16:19:17Z,SAS957,"63.8031,-41.351",30125,367,251
1731601188,2024-11-14T16:19:48Z,SAS957,"63.7847,-41.46082",29525,363,248
1731601218,2024-11-14T16:20:18Z,SAS957,"63.76657,-41.56952",28975,365,249
1731601227,2024-11-14T16:20:27Z,SAS957,"63.76117,-41.60237",28800,367,249
1731601302,2024-11-14T16:21:42Z,SAS957,"63.71642,-41.87527",27675,385,249
1731601334,2024-11-14T16:22:14Z,SAS957,"63.69626,-41.9907",27700,381,248
1731601364,2024-11-14T16:22:44Z,SAS957,"63.67643,-42.10499",27675,386,248
1731601395,2024-11-14T16:23:15Z,SAS957,"63.6562,-42.22204",27750,387,248
1731601402,2024-11-14T16:23:22Z,SAS957,"63.65227,-42.24452",27775,387,248
1731601482,2024-11-14T16:24:42Z,SAS957,"63.59994,-42.54424",28000,380,248
1731601516,2024-11-14T16:25:16Z,SAS957,"63.57779,-42.67024",27975,384,248
1731601548,2024-11-14T16:25:48Z,SAS957,"63.55724,-42.78625",28000,380,248
1731601582,2024-11-14T16:26:22Z,SAS957,"63.5351,-42.91029",28000,380,248
1731601614,2024-11-14T16:26:54Z,SAS957,"63.51389,-43.02838",28275,380,248
1731601646,2024-11-14T16:27:26Z,SAS957,"63.49274,-43.14574",28925,385,247
1731601679,2024-11-14T16:27:59Z,SAS957,"63.47076,-43.2667",29550,390,247
1731601711,2024-11-14T16:28:31Z,SAS957,"63.44884,-43.38681",30075,397,247
1731601742,2024-11-14T16:29:02Z,SAS957,"63.42724,-43.50432",30550,403,247
1731601774,2024-11-14T16:29:34Z,SAS957,"63.40382,-43.63077",31025,410,247
1731601801,2024-11-14T16:30:01Z,SAS957,"63.3842,-43.73615",31250,418,247
1731602226,2024-11-14T16:37:06Z,SAS957,"63.05924,-45.40629",36000,413,245
1731602257,2024-11-14T16:37:37Z,SAS957,"63.0349,-45.52597",36000,412,245
1731602747,2024-11-14T16:45:47Z,SAS957,"62.64217,-47.36898",36000,412,244
1731602799,2024-11-14T16:46:39Z,SAS957,"62.59912,-47.5614",36000,409,243
1731602832,2024-11-14T16:47:12Z,SAS957,"62.57263,-47.67903",36000,409,243
1731602862,2024-11-14T16:47:42Z,SAS957,"62.54764,-47.7891",36000,409,243
1731602922,2024-11-14T16:48:42Z,SAS957,"62.4974,-48.00888",36000,406,243
1731602929,2024-11-14T16:48:49Z,SAS957,"62.49133,-48.03538",36000,407,243
1731602986,2024-11-14T16:49:46Z,SAS957,"62.44336,-48.24329",36000,405,243
1731603018,2024-11-14T16:50:18Z,SAS957,"62.41645,-48.35844",36000,404,243
1731603049,2024-11-14T16:50:49Z,SAS957,"62.3903,-48.47036",36000,404,243
1731603084,2024-11-14T16:51:24Z,SAS957,"62.3618,-48.59253",36000,403,243
1731603117,2024-11-14T16:51:57Z,SAS957,"62.33373,-48.71053",36000,404,242
1731603150,2024-11-14T16:52:30Z,SAS957,"62.30579,-48.82778",36000,404,242
1731603183,2024-11-14T16:53:03Z,SAS957,"62.27805,-48.94526",36000,404,242
1731603216,2024-11-14T16:53:36Z,SAS957,"62.24928,-49.06473",36000,402,242
1731603250,2024-11-14T16:54:10Z,SAS957,"62.22075,-49.18243",36000,401,242
1731603280,2024-11-14T16:54:40Z,SAS957,"62.19443,-49.29057",36000,400,242
1731603313,2024-11-14T16:55:13Z,SAS957,"62.16627,-49.40593",36000,399,242
1731603345,2024-11-14T16:55:45Z,SAS957,"62.13909,-49.51675",36000,399,242
1731603379,2024-11-14T16:56:19Z,SAS957,"62.10986,-49.63562",36000,400,242
1731603411,2024-11-14T16:56:51Z,SAS957,"62.08228,-49.74688",36000,402,242
1731603443,2024-11-14T16:57:23Z,SAS957,"62.05467,-49.85743",36000,404,242
1731603476,2024-11-14T16:57:56Z,SAS957,"62.02374,-49.97223",36000,409,236
1731603507,2024-11-14T16:58:27Z,SAS957,"61.98803,-50.07222",36000,414,229
1731603540,2024-11-14T16:59:00Z,SAS957,"61.94463,-50.16809",36000,417,224
1731603570,2024-11-14T16:59:30Z,SAS957,"61.90265,-50.25696",36000,416,225
1731603602,2024-11-14T17:00:02Z,SAS957,"61.85939,-50.34858",36000,416,224
1731603635,2024-11-14T17:00:35Z,SAS957,"61.81544,-50.44147",36000,416,224
1731603663,2024-11-14T17:01:03Z,SAS957,"61.77672,-50.52279",36000,417,224
1731603682,2024-11-14T17:01:22Z,SAS957,"61.75053,-50.57782",36000,417,224
1731604863,2024-11-14T17:21:03Z,SAS957,"60.09522,-53.78185",36000,411,223
1731607344,2024-11-14T18:02:24Z,SAS957,"58.0339,-51.57291",33000,407,91
1731607974,2024-11-14T18:12:54Z,SAS957,"58.15338,-48.88721",33000,496,75
1731608005,2024-11-14T18:13:25Z,SAS957,"58.17121,-48.75247",33000,497,76
1731608036,2024-11-14T18:13:56Z,SAS957,"58.18382,-48.62079",33000,503,85
1731608040,2024-11-14T18:14:00Z,SAS957,"58.18419,-48.60369",33000,503,87
1731608043,2024-11-14T18:14:03Z,SAS957,"58.18434,-48.59052",33000,504,88
1731608046,2024-11-14T18:14:06Z,SAS957,"58.18443,-48.57504",33000,504,89
1731608050,2024-11-14T18:14:10Z,SAS957,"58.18453,-48.56058",33000,504,89
1731608053,2024-11-14T18:14:13Z,SAS957,"58.18462,-48.54739",33000,504,89
1731608084,2024-11-14T18:14:44Z,SAS957,"58.18597,-48.41071",33000,503,88
1731608115,2024-11-14T18:15:15Z,SAS957,"58.18755,-48.27255",33000,505,88
1731608147,2024-11-14T18:15:47Z,SAS957,"58.1889,-48.13137",33000,506,89
1731608179,2024-11-14T18:16:19Z,SAS957,"58.19006,-47.98819",33000,506,89
1731608211,2024-11-14T18:16:51Z,SAS957,"58.19104,-47.84674",33000,507,89
1731608243,2024-11-14T18:17:23Z,SAS957,"58.19183,-47.70657",33000,506,89
1731608275,2024-11-14T18:17:55Z,SAS957,"58.19253,-47.56613",33000,506,89
1731608307,2024-11-14T18:18:27Z,SAS957,"58.19314,-47.42395",33000,509,89
1731608338,2024-11-14T18:18:58Z,SAS957,"58.19351,-47.28507",33000,510,89
1731608371,2024-11-14T18:19:31Z,SAS957,"58.19367,-47.14012",33000,511,89
1731608403,2024-11-14T18:20:03Z,SAS957,"58.19374,-46.99695",33000,513,90
1731608435,2024-11-14T18:20:35Z,SAS957,"58.19365,-46.85403",33000,515,90
1731608467,2024-11-14T18:21:07Z,SAS957,"58.19337,-46.70837",33000,517,90
1731608499,2024-11-14T18:21:39Z,SAS957,"58.19293,-46.5644",33000,517,90
1731608531,2024-11-14T18:22:11Z,SAS957,"58.19234,-46.4191",33000,517,90
1731608563,2024-11-14T18:22:43Z,SAS957,"58.19156,-46.2761",33025,517,90
1731608595,2024-11-14T18:23:15Z,SAS957,"58.19069,-46.1284",33425,523,90
1731608627,2024-11-14T18:23:47Z,SAS957,"58.18955,-45.9808",33875,527,90
1731608659,2024-11-14T18:24:19Z,SAS957,"58.18826,-45.83443",34275,532,90
1731608691,2024-11-14T18:24:51Z,SAS957,"58.18675,-45.6831",34700,537,91
1731608725,2024-11-14T18:25:25Z,SAS957,"58.18499,-45.52652",34975,543,91
1731608757,2024-11-14T18:25:57Z,SAS957,"58.18304,-45.37416",35000,546,91
1731608790,2024-11-14T18:26:30Z,SAS957,"58.18098,-45.21689",35000,543,91
1731608821,2024-11-14T18:27:01Z,SAS957,"58.17888,-45.07132",35000,541,91
1731608853,2024-11-14T18:27:33Z,SAS957,"58.17638,-44.91833",35000,543,91
1731608886,2024-11-14T18:28:06Z,SAS957,"58.17363,-44.76031",35000,545,91
1731608917,2024-11-14T18:28:37Z,SAS957,"58.17098,-44.61585",35000,544,91
1731608948,2024-11-14T18:29:08Z,SAS957,"58.16814,-44.46808",35000,544,92
1731608981,2024-11-14T18:29:41Z,SAS957,"58.16496,-44.31096",35000,544,92
1731609012,2024-11-14T18:30:12Z,SAS957,"58.16171,-44.16229",35000,543,92
1731609042,2024-11-14T18:30:42Z,SAS957,"58.15846,-44.01956",35000,543,92
1731609074,2024-11-14T18:31:14Z,SAS957,"58.15487,-43.86969",35000,545,92
1731609105,2024-11-14T18:31:45Z,SAS957,"58.15109,-43.72053",35000,544,92
1731609138,2024-11-14T18:32:18Z,SAS957,"58.14705,-43.56692",35000,544,92
1731609169,2024-11-14T18:32:49Z,SAS957,"58.14294,-43.42045",35000,543,93
1731609201,2024-11-14T18:33:21Z,SAS957,"58.13855,-43.26735",35000,544,93
1731609233,2024-11-14T18:33:53Z,SAS957,"58.13397,-43.11691",35000,545,93
1731609266,2024-11-14T18:34:26Z,SAS957,"58.12898,-42.9584",35000,545,93
1731609299,2024-11-14T18:34:59Z,SAS957,"58.12376,-42.79928",35000,546,93
1731609309,2024-11-14T18:35:09Z,SAS957,"58.12248,-42.75985",35000,547,93
1731609367,2024-11-14T18:36:07Z,SAS957,"58.11265,-42.47671",35000,546,93
1731609400,2024-11-14T18:36:40Z,SAS957,"58.10701,-42.32093",35000,546,93
1731609430,2024-11-14T18:37:10Z,SAS957,"58.10162,-42.17697",35000,547,94
1731609463,2024-11-14T18:37:43Z,SAS957,"58.0957,-42.02362",35000,548,94
1731609469,2024-11-14T18:37:49Z,SAS957,"58.09442,-41.99117",35000,548,94
1731610224,2024-11-14T18:50:24Z,SAS957,"58.48228,-38.65454",35000,527,56
1731612144,2024-11-14T19:22:24Z,SAS957,"60.86803,-30.54508",35004,534,62
1731612653,2024-11-14T19:30:53Z,SAS957,"61.25326,-28.10146",36575,539,74
1731612672,2024-11-14T19:31:12Z,SAS957,"61.26656,-28.00334",36800,542,74
1731612731,2024-11-14T19:32:11Z,SAS957,"61.30595,-27.7067",37000,545,74
1731612764,2024-11-14T19:32:44Z,SAS957,"61.32729,-27.54243",37000,544,74
1731612797,2024-11-14T19:33:17Z,SAS957,"61.34859,-27.37661",37000,543,75
1731612828,2024-11-14T19:33:48Z,SAS957,"61.36848,-27.2199",37000,545,75
1731612851,2024-11-14T19:34:11Z,SAS957,"61.38327,-27.10288",37000,545,75
1731612915,2024-11-14T19:35:15Z,SAS957,"61.42227,-26.78849",37000,544,75
1731612947,2024-11-14T19:35:47Z,SAS957,"61.44365,-26.61418",37000,542,75
1731612979,2024-11-14T19:36:19Z,SAS957,"61.4631,-26.45365",37000,541,75
1731613012,2024-11-14T19:36:52Z,SAS957,"61.48169,-26.29852",37000,539,75
1731613046,2024-11-14T19:37:26Z,SAS957,"61.50353,-26.1146",37000,530,76
1731613079,2024-11-14T19:37:59Z,SAS957,"61.52246,-25.95215",37000,523,76
1731613113,2024-11-14T19:38:33Z,SAS957,"61.54159,-25.78573",37000,525,76
1731613149,2024-11-14T19:39:09Z,SAS957,"61.56171,-25.60913",37000,527,76
1731613181,2024-11-14T19:39:41Z,SAS957,"61.57986,-25.4483",37000,528,76
1731613214,2024-11-14T19:40:14Z,SAS957,"61.59792,-25.28605",37000,526,76
1731613247,2024-11-14T19:40:47Z,SAS957,"61.61586,-25.12279",37000,526,77
1731613279,2024-11-14T19:41:19Z,SAS957,"61.63335,-24.96094",37000,525,77
1731613310,2024-11-14T19:41:50Z,SAS957,"61.64983,-24.80764",37000,527,77
1731613342,2024-11-14T19:42:22Z,SAS957,"61.66682,-24.64783",37000,531,77
1731613378,2024-11-14T19:42:58Z,SAS957,"61.68604,-24.46421",37000,537,77
1731613412,2024-11-14T19:43:32Z,SAS957,"61.70359,-24.29515",37000,536,77
1731613443,2024-11-14T19:44:03Z,SAS957,"61.72005,-24.13324",37000,534,78
1731613474,2024-11-14T19:44:34Z,SAS957,"61.7359,-23.97634",37000,534,78
1731613506,2024-11-14T19:45:06Z,SAS957,"61.75195,-23.81532",37000,534,78
1731613538,2024-11-14T19:45:38Z,SAS957,"61.76746,-23.65743",37000,535,78
1731613569,2024-11-14T19:46:09Z,SAS957,"61.78334,-23.49345",37000,536,78
1731613601,2024-11-14T19:46:41Z,SAS957,"61.79879,-23.3314",37000,537,78
1731613632,2024-11-14T19:47:12Z,SAS957,"61.81406,-23.16935",37000,539,78
1731613665,2024-11-14T19:47:45Z,SAS957,"61.82956,-23.00303",37000,538,78
1731613695,2024-11-14T19:48:15Z,SAS957,"61.84392,-22.84715",37000,536,78
1731613727,2024-11-14T19:48:47Z,SAS957,"61.8588,-22.68304",37000,536,79
1731613758,2024-11-14T19:49:18Z,SAS957,"61.87309,-22.52258",37000,536,79
1731613789,2024-11-14T19:49:49Z,SAS957,"61.88738,-22.36115",37000,536,79
1731613821,2024-11-14T19:50:21Z,SAS957,"61.90158,-22.19716",37000,535,79
1731613853,2024-11-14T19:50:53Z,SAS957,"61.91536,-22.03603",37000,535,79
1731613884,2024-11-14T19:51:24Z,SAS957,"61.92923,-21.87195",37000,537,79
1731613918,2024-11-14T19:51:58Z,SAS957,"61.94362,-21.69851",37000,538,80
1731613949,2024-11-14T19:52:29Z,SAS957,"61.95698,-21.53483",37000,539,80
1731613981,2024-11-14T19:53:01Z,SAS957,"61.97022,-21.37056",37000,541,80
1731614012,2024-11-14T19:53:32Z,SAS957,"61.98308,-21.20803",37000,540,80
1731614043,2024-11-14T19:54:03Z,SAS957,"61.99576,-21.04472",37000,537,80
1731614075,2024-11-14T19:54:35Z,SAS957,"62.00837,-20.87972",37000,535,80
1731614106,2024-11-14T19:55:06Z,SAS957,"62.02034,-20.72062",37000,534,80
1731614137,2024-11-14T19:55:37Z,SAS957,"62.03244,-20.55888",37000,535,81
1731614170,2024-11-14T19:56:10Z,SAS957,"62.04515,-20.38503",37000,537,81
1731614204,2024-11-14T19:56:44Z,SAS957,"62.05765,-20.21004",37000,539,81
1731614238,2024-11-14T19:57:18Z,SAS957,"62.07019,-20.03073",37000,540,81
1731614270,2024-11-14T19:57:50Z,SAS957,"62.08169,-19.8646",37000,540,81
1731614301,2024-11-14T19:58:21Z,SAS957,"62.09285,-19.69996",37000,540,81
1731614332,2024-11-14T19:58:52Z,SAS957,"62.10376,-19.53603",37000,539,81
1731614363,2024-11-14T19:59:23Z,SAS957,"62.11446,-19.37174",37000,538,82
1731614395,2024-11-14T19:59:55Z,SAS957,"62.12512,-19.20665",37000,537,82
1731614425,2024-11-14T20:00:25Z,SAS957,"62.135,-19.04871",37000,537,82
1731614457,2024-11-14T20:00:57Z,SAS957,"62.14531,-18.88153",37000,539,82
1731614490,2024-11-14T20:01:30Z,SAS957,"62.1557,-18.70901",37000,541,82
1731614521,2024-11-14T20:02:01Z,SAS957,"62.1654,-18.54441",37000,541,82
1731614552,2024-11-14T20:02:32Z,SAS957,"62.17503,-18.37706",37000,542,82
1731614584,2024-11-14T20:03:04Z,SAS957,"62.18448,-18.20984",37000,542,83
1731614615,2024-11-14T20:03:35Z,SAS957,"62.1936,-18.04536",37000,544,83
1731614648,2024-11-14T20:04:08Z,SAS957,"62.20308,-17.86977",37000,543,83
1731614679,2024-11-14T20:04:39Z,SAS957,"62.21201,-17.70162",37000,542,83
1731614711,2024-11-14T20:05:11Z,SAS957,"62.22069,-17.53355",37000,541,83
1731614743,2024-11-14T20:05:43Z,SAS957,"62.22926,-17.36273",37000,540,83
1731614776,2024-11-14T20:06:16Z,SAS957,"62.23778,-17.18933",37000,538,84
1731614808,2024-11-14T20:06:48Z,SAS957,"62.24593,-17.01904",37000,537,84
1731614841,2024-11-14T20:07:21Z,SAS957,"62.25394,-16.84679",37000,537,84
1731614874,2024-11-14T20:07:54Z,SAS957,"62.26185,-16.67175",37000,537,84
1731614907,2024-11-14T20:08:27Z,SAS957,"62.26953,-16.49787",37000,537,84
1731614940,2024-11-14T20:09:00Z,SAS957,"62.27707,-16.32061",37000,537,84
1731614973,2024-11-14T20:09:33Z,SAS957,"62.28442,-16.144",37000,536,84
1731615006,2024-11-14T20:10:06Z,SAS957,"62.29138,-15.97107",37000,536,85
1731615038,2024-11-14T20:10:38Z,SAS957,"62.29802,-15.79961",37000,536,85
1731615070,2024-11-14T20:11:10Z,SAS957,"62.30435,-15.63238",37000,536,85
1731615102,2024-11-14T20:11:42Z,SAS957,"62.31047,-15.46397",37000,536,85
1731615135,2024-11-14T20:12:15Z,SAS957,"62.31669,-15.28695",37000,536,85
1731615168,2024-11-14T20:12:48Z,SAS957,"62.32255,-15.11349",37000,537,85
1731615200,2024-11-14T20:13:20Z,SAS957,"62.32809,-14.94456",37000,537,86
1731615232,2024-11-14T20:13:52Z,SAS957,"62.3335,-14.77132",37000,537,86
1731615267,2024-11-14T20:14:27Z,SAS957,"62.33903,-14.5871",37000,537,86
1731615297,2024-11-14T20:14:57Z,SAS957,"62.34364,-14.42779",37000,535,86
1731615329,2024-11-14T20:15:29Z,SAS957,"62.34834,-14.25751",37000,535,86
1731615362,2024-11-14T20:16:02Z,SAS957,"62.35295,-14.08204",37000,535,86
1731615396,2024-11-14T20:16:36Z,SAS957,"62.35753,-13.90106",37000,535,87
1731615429,2024-11-14T20:17:09Z,SAS957,"62.36166,-13.72773",37000,537,87
1731615462,2024-11-14T20:17:42Z,SAS957,"62.36562,-13.55248",37000,538,87
1731615493,2024-11-14T20:18:13Z,SAS957,"62.36911,-13.38765",37000,538,87
1731615524,2024-11-14T20:18:44Z,SAS957,"62.37245,-13.22306",37000,536,87
1731615555,2024-11-14T20:19:15Z,SAS957,"62.37558,-13.0582",37000,536,87
1731615585,2024-11-14T20:19:45Z,SAS957,"62.37849,-12.8951",37000,535,87
1731615619,2024-11-14T20:20:19Z,SAS957,"62.38149,-12.71541",37000,533,88
1731615651,2024-11-14T20:20:51Z,SAS957,"62.38403,-12.54822",37000,533,88
1731615684,2024-11-14T20:21:24Z,SAS957,"62.38652,-12.37124",37000,532,88
1731615717,2024-11-14T20:21:57Z,SAS957,"62.38875,-12.19737",37000,530,88
1731615748,2024-11-14T20:22:28Z,SAS957,"62.39066,-12.03499",37000,529,88
1731615779,2024-11-14T20:22:59Z,SAS957,"62.39233,-11.87411",37000,527,88
1731615810,2024-11-14T20:23:30Z,SAS957,"62.39383,-11.71",37000,526,88
1731615842,2024-11-14T20:24:02Z,SAS957,"62.39522,-11.54293",37000,526,89
1731615874,2024-11-14T20:24:34Z,SAS957,"62.39639,-11.3795",37000,526,89
1731615904,2024-11-14T20:25:04Z,SAS957,"62.39736,-11.21979",37000,525,89
1731615939,2024-11-14T20:25:39Z,SAS957,"62.39816,-11.03894",37000,525,89
1731615971,2024-11-14T20:26:11Z,SAS957,"62.39868,-10.87433",37000,524,89
1731616002,2024-11-14T20:26:42Z,SAS957,"62.39899,-10.71199",37000,523,89
1731616033,2024-11-14T20:27:13Z,SAS957,"62.39918,-10.54751",37000,522,89
1731616067,2024-11-14T20:27:47Z,SAS957,"62.39914,-10.37476",37000,520,90
1731616099,2024-11-14T20:28:19Z,SAS957,"62.39885,-10.20746",37000,520,90
1731616115,2024-11-14T20:28:35Z,SAS957,"62.39868,-10.12858",37000,519,90
1731616207,2024-11-14T20:30:07Z,SAS957,"62.39662,-9.65881",37000,516,90
1731616241,2024-11-14T20:30:41Z,SAS957,"62.39539,-9.47846",37000,516,90
1731616282,2024-11-14T20:31:22Z,SAS957,"62.39373,-9.27257",37000,516,91
1731616316,2024-11-14T20:31:56Z,SAS957,"62.39209,-9.09749",37000,517,91
1731616350,2024-11-14T20:32:30Z,SAS957,"62.39019,-8.92238",37000,518,91
1731616381,2024-11-14T20:33:01Z,SAS957,"62.38833,-8.76381",37000,519,91
1731616414,2024-11-14T20:33:34Z,SAS957,"62.38609,-8.59111",37000,520,91
1731616445,2024-11-14T20:34:05Z,SAS957,"62.38386,-8.43243",37000,521,91
1731616477,2024-11-14T20:34:37Z,SAS957,"62.3813,-8.2651",37000,522,91
1731616514,2024-11-14T20:35:14Z,SAS957,"62.37874,-8.11097",37000,523,92
1731616546,2024-11-14T20:35:46Z,SAS957,"62.37511,-7.90873",37000,523,92
1731616580,2024-11-14T20:36:20Z,SAS957,"62.37172,-7.73427",37000,521,92
1731616612,2024-11-14T20:36:52Z,SAS957,"62.36829,-7.56358",37000,521,92
1731616646,2024-11-14T20:37:26Z,SAS957,"62.36459,-7.39169",37000,520,92
1731616678,2024-11-14T20:37:58Z,SAS957,"62.36077,-7.22488",37000,519,92
1731616711,2024-11-14T20:38:31Z,SAS957,"62.35663,-7.05502",37000,517,93
1731616742,2024-11-14T20:39:02Z,SAS957,"62.35254,-6.89575",37000,518,93
1731616776,2024-11-14T20:39:36Z,SAS957,"62.34801,-6.72475",37000,516,93
1731616809,2024-11-14T20:40:09Z,SAS957,"62.34331,-6.55408",37000,515,93
1731616842,2024-11-14T20:40:42Z,SAS957,"62.33852,-6.38781",37000,518,93
1731616874,2024-11-14T20:41:14Z,SAS957,"62.3334,-6.21958",36975,518,93
1731616907,2024-11-14T20:41:47Z,SAS957,"62.32823,-6.05368",37000,518,93
1731616937,2024-11-14T20:42:17Z,SAS957,"62.32325,-5.90114",37000,517,94
1731616968,2024-11-14T20:42:48Z,SAS957,"62.31779,-5.73903",37000,517,94
1731617001,2024-11-14T20:43:21Z,SAS957,"62.31185,-5.56965",37000,518,94
1731617034,2024-11-14T20:43:54Z,SAS957,"62.30576,-5.40059",37000,519,94
1731617066,2024-11-14T20:44:26Z,SAS957,"62.2997,-5.23858",37000,519,94
1731617100,2024-11-14T20:45:00Z,SAS957,"62.29298,-5.06409",37000,520,94
1731617132,2024-11-14T20:45:32Z,SAS957,"62.28652,-4.90138",37000,520,94
1731617164,2024-11-14T20:46:04Z,SAS957,"62.27972,-4.73564",37000,520,95
1731617211,2024-11-14T20:46:51Z,SAS957,"62.26958,-4.49626",37025,516,95
1731617249,2024-11-14T20:47:29Z,SAS957,"62.26099,-4.30145",37000,517,95
1731617284,2024-11-14T20:48:04Z,SAS957,"62.25311,-4.1275",36975,517,95
1731617319,2024-11-14T20:48:39Z,SAS957,"62.2446,-3.94491",37025,515,95
1731617352,2024-11-14T20:49:12Z,SAS957,"62.23672,-3.78052",37000,513,95
1731617384,2024-11-14T20:49:44Z,SAS957,"62.22867,-3.61766",37000,512,96
1731617417,2024-11-14T20:50:17Z,SAS957,"62.22028,-3.45055",37000,513,96
1731617450,2024-11-14T20:50:50Z,SAS957,"62.21173,-3.28542",37000,511,96
1731617480,2024-11-14T20:51:20Z,SAS957,"62.19733,-3.13924",37000,509,109
1731617482,2024-11-14T20:51:22Z,SAS957,"62.19561,-3.12994",37000,508,111
1731617486,2024-11-14T20:51:26Z,SAS957,"62.19165,-3.11071",37000,508,113
1731617488,2024-11-14T20:51:28Z,SAS957,"62.18971,-3.10221",37000,508,115
1731617493,2024-11-14T20:51:33Z,SAS957,"62.18422,-3.08014",37000,506,118
1731617496,2024-11-14T20:51:36Z,SAS957,"62.18118,-3.06899",37000,506,119
1731617499,2024-11-14T20:51:39Z,SAS957,"62.17744,-3.05644",37000,506,121
1731617502,2024-11-14T20:51:42Z,SAS957,"62.17342,-3.04362",37000,504,123
1731617506,2024-11-14T20:51:46Z,SAS957,"62.16811,-3.02806",37000,503,125
1731617509,2024-11-14T20:51:49Z,SAS957,"62.16344,-3.01504",37000,503,127
1731617512,2024-11-14T20:51:52Z,SAS957,"62.15945,-3.00415",37000,502,127
1731617515,2024-11-14T20:51:55Z,SAS957,"62.15501,-2.99205",37000,502,127
1731617519,2024-11-14T20:51:59Z,SAS957,"62.14989,-2.97803",37000,503,127
1731617551,2024-11-14T20:52:31Z,SAS957,"62.10548,-2.85563",37000,503,127
1731617584,2024-11-14T20:53:04Z,SAS957,"62.05801,-2.7253",37000,501,127
1731617615,2024-11-14T20:53:35Z,SAS957,"62.01373,-2.60437",37000,500,128
1731617648,2024-11-14T20:54:08Z,SAS957,"61.96591,-2.47457",37000,499,128
1731617680,2024-11-14T20:54:40Z,SAS957,"61.92099,-2.35352",37000,498,128
1731617711,2024-11-14T20:55:11Z,SAS957,"61.87642,-2.23395",37000,498,128
1731617742,2024-11-14T20:55:42Z,SAS957,"61.83217,-2.11578",37000,498,128
1731617775,2024-11-14T20:56:15Z,SAS957,"61.78538,-1.99148",37000,498,128
1731617806,2024-11-14T20:56:46Z,SAS957,"61.7406,-1.87317",37000,499,128
1731617837,2024-11-14T20:57:17Z,SAS957,"61.69531,-1.75415",37000,498,128
1731617868,2024-11-14T20:57:48Z,SAS957,"61.65179,-1.6403",37000,499,128
1731617902,2024-11-14T20:58:22Z,SAS957,"61.60217,-1.51131",37000,499,128
1731617933,2024-11-14T20:58:53Z,SAS957,"61.55681,-1.39389",37000,499,129
1731617965,2024-11-14T20:59:25Z,SAS957,"61.51012,-1.27363",37000,500,129
1731617997,2024-11-14T20:59:57Z,SAS957,"61.46429,-1.15631",37000,498,129
1731618028,2024-11-14T21:00:28Z,SAS957,"61.4187,-1.04037",37000,497,129
1731618061,2024-11-14T21:01:01Z,SAS957,"61.37042,-0.91797",37000,496,129
1731618094,2024-11-14T21:01:34Z,SAS957,"61.32378,-0.80037",37000,494,129
1731618126,2024-11-14T21:02:06Z,SAS957,"61.27739,-0.6841",37000,494,129
1731618158,2024-11-14T21:02:38Z,SAS957,"61.23015,-0.56619",37000,493,129
1731618189,2024-11-14T21:03:09Z,SAS957,"61.18663,-0.44952",37000,496,125
1731618221,2024-11-14T21:03:41Z,SAS957,"61.14528,-0.32665",37000,496,124
1731618253,2024-11-14T21:04:13Z,SAS957,"61.10243,-0.20187",37000,497,125
1731618284,2024-11-14T21:04:44Z,SAS957,"61.06036,-0.0825",37000,496,126
1731618316,2024-11-14T21:05:16Z,SAS957,"61.01747,0.03826",37000,497,126
1731618348,2024-11-14T21:05:48Z,SAS957,"60.9737,0.16068",37000,498,126
1731618379,2024-11-14T21:06:19Z,SAS957,"60.93118,0.27911",37000,497,126
1731618410,2024-11-14T21:06:50Z,SAS957,"60.88866,0.39702",37000,499,126
1731618442,2024-11-14T21:07:22Z,SAS957,"60.84526,0.51675",37000,500,126
1731618476,2024-11-14T21:07:56Z,SAS957,"60.79936,0.6429",37000,500,126
1731618506,2024-11-14T21:08:26Z,SAS957,"60.7564,0.76012",37000,499,126
1731618540,2024-11-14T21:09:00Z,SAS957,"60.71003,0.88616",37000,498,126
1731618570,2024-11-14T21:09:30Z,SAS957,"60.66806,0.99957",37000,496,127
1731618602,2024-11-14T21:10:02Z,SAS957,"60.62443,1.11691",37000,496,127
1731618633,2024-11-14T21:10:33Z,SAS957,"60.58136,1.23227",37000,495,127
1731618664,2024-11-14T21:11:04Z,SAS957,"60.53853,1.34632",37000,494,127
1731618697,2024-11-14T21:11:37Z,SAS957,"60.49361,1.4652",37000,495,127
1731618727,2024-11-14T21:12:07Z,SAS957,"60.45101,1.57742",37000,496,127
1731618760,2024-11-14T21:12:40Z,SAS957,"60.40512,1.69786",37000,495,127
1731618790,2024-11-14T21:13:10Z,SAS957,"60.36273,1.80839",37000,496,127
1731618821,2024-11-14T21:13:41Z,SAS957,"60.31923,1.92143",37000,495,127
1731618852,2024-11-14T21:14:12Z,SAS957,"60.27593,2.03335",37000,494,127
1731618885,2024-11-14T21:14:45Z,SAS957,"60.23099,2.14887",37000,494,128
1731618916,2024-11-14T21:15:16Z,SAS957,"60.18664,2.2623",37000,494,128
1731618947,2024-11-14T21:15:47Z,SAS957,"60.14305,2.37352",37000,493,127
1731618978,2024-11-14T21:16:18Z,SAS957,"60.1035,2.49017",37000,492,122
1731619009,2024-11-14T21:16:49Z,SAS957,"60.0661,2.6067",37000,492,122
1731619039,2024-11-14T21:17:19Z,SAS957,"60.02742,2.72357",37000,492,123
1731619070,2024-11-14T21:17:50Z,SAS957,"59.98824,2.83957",37000,491,124
1731619103,2024-11-14T21:18:23Z,SAS957,"59.94685,2.96091",37000,493,124
1731619136,2024-11-14T21:18:56Z,SAS957,"59.9041,3.08597",37000,492,124
1731619166,2024-11-14T21:19:26Z,SAS957,"59.86505,3.19977",37000,492,124
1731619197,2024-11-14T21:19:57Z,SAS957,"59.82656,3.31124",37000,491,124
1731619229,2024-11-14T21:20:29Z,SAS957,"59.78453,3.43228",37000,488,124
1731619260,2024-11-14T21:21:00Z,SAS957,"59.74585,3.54309",37000,487,124
1731619291,2024-11-14T21:21:31Z,SAS957,"59.70584,3.65717",37000,487,124
1731619321,2024-11-14T21:22:01Z,SAS957,"59.6667,3.76831",37000,486,124
1731619353,2024-11-14T21:22:33Z,SAS957,"59.62709,3.88026",37000,487,124
1731619386,2024-11-14T21:23:06Z,SAS957,"59.58334,4.00314",37000,486,125
1731619416,2024-11-14T21:23:36Z,SAS957,"59.54417,4.11277",37000,484,125
1731619450,2024-11-14T21:24:10Z,SAS957,"59.50246,4.22888",37000,482,125
1731619481,2024-11-14T21:24:41Z,SAS957,"59.46024,4.34595",37000,484,125
1731619515,2024-11-14T21:25:15Z,SAS957,"59.4169,4.46528",37000,483,125
1731619547,2024-11-14T21:25:47Z,SAS957,"59.37515,4.57988",37000,482,125
1731619580,2024-11-14T21:26:20Z,SAS957,"59.33263,4.69601",37000,481,125
1731619611,2024-11-14T21:26:51Z,SAS957,"59.29262,4.80469",37000,482,125
1731619645,2024-11-14T21:27:25Z,SAS957,"59.24913,4.92206",37000,484,125
1731619675,2024-11-14T21:27:55Z,SAS957,"59.20857,5.03128",37000,486,125
1731619709,2024-11-14T21:28:29Z,SAS957,"59.16399,5.15067",37000,486,126
1731619739,2024-11-14T21:28:59Z,SAS957,"59.12413,5.25686",37000,487,126
1731619773,2024-11-14T21:29:33Z,SAS957,"59.07916,5.37589",37000,485,126
1731619803,2024-11-14T21:30:03Z,SAS957,"59.03913,5.48151",37000,484,126
1731619837,2024-11-14T21:30:37Z,SAS957,"58.99458,5.59848",37000,484,126
1731619869,2024-11-14T21:31:09Z,SAS957,"58.95232,5.70914",37000,483,126
1731619900,2024-11-14T21:31:40Z,SAS957,"58.91093,5.81689",37000,484,126
1731619934,2024-11-14T21:32:14Z,SAS957,"58.86549,5.93451",37000,488,126
1731619966,2024-11-14T21:32:46Z,SAS957,"58.82215,6.04614",37000,488,126
1731619997,2024-11-14T21:33:17Z,SAS957,"58.77914,6.15642",37000,490,126
1731620030,2024-11-14T21:33:50Z,SAS957,"58.73463,6.27017",37000,490,126
1731620061,2024-11-14T21:34:21Z,SAS957,"58.69246,6.37729",37000,489,127
1731620092,2024-11-14T21:34:52Z,SAS957,"58.64963,6.4856",37000,490,127
1731620126,2024-11-14T21:35:26Z,SAS957,"58.60377,6.60114",36975,492,127
1731620156,2024-11-14T21:35:56Z,SAS957,"58.56206,6.70569",37025,491,127
1731620187,2024-11-14T21:36:27Z,SAS957,"58.51942,6.81198",36975,492,127
1731620220,2024-11-14T21:37:00Z,SAS957,"58.47375,6.92523",37000,488,127
1731620254,2024-11-14T21:37:34Z,SAS957,"58.42818,7.03775",37025,482,127
1731620285,2024-11-14T21:38:05Z,SAS957,"58.38554,7.14258",37000,488,127
1731620318,2024-11-14T21:38:38Z,SAS957,"58.34038,7.25319",37000,486,128
1731620348,2024-11-14T21:39:08Z,SAS957,"58.29765,7.35727",37000,486,128
1731620382,2024-11-14T21:39:42Z,SAS957,"58.25162,7.46911",37000,482,128
1731620412,2024-11-14T21:40:12Z,SAS957,"58.20978,7.57029",37000,481,128
1731620445,2024-11-14T21:40:45Z,SAS957,"58.16519,7.67749",37000,484,128
1731620475,2024-11-14T21:41:15Z,SAS957,"58.12363,7.77704",37000,484,128
1731620506,2024-11-14T21:41:46Z,SAS957,"58.08015,7.88068",37000,483,128
1731620540,2024-11-14T21:42:20Z,SAS957,"58.03308,7.99247",37025,486,128
1731620571,2024-11-14T21:42:51Z,SAS957,"57.9897,8.09491",37000,488,128
1731620602,2024-11-14T21:43:22Z,SAS957,"57.94604,8.19763",37000,490,128
1731620636,2024-11-14T21:43:56Z,SAS957,"57.8986,8.30841",37000,488,128
1731620667,2024-11-14T21:44:27Z,SAS957,"57.85579,8.40844",37000,488,128
1731620696,2024-11-14T21:44:56Z,SAS957,"57.81295,8.50781",37000,487,128
1731620730,2024-11-14T21:45:30Z,SAS957,"57.76541,8.61768",37000,490,129
1731620763,2024-11-14T21:46:03Z,SAS957,"57.71821,8.72625",37000,490,129
1731620797,2024-11-14T21:46:37Z,SAS957,"57.67022,8.83611",37000,492,129
1731620828,2024-11-14T21:47:08Z,SAS957,"57.62572,8.93764",37000,491,129
1731620858,2024-11-14T21:47:38Z,SAS957,"57.58136,9.03823",37000,492,129
1731620892,2024-11-14T21:48:12Z,SAS957,"57.53302,9.14749",37000,494,129
1731620925,2024-11-14T21:48:45Z,SAS957,"57.48482,9.2559",37000,494,129
1731620958,2024-11-14T21:49:18Z,SAS957,"57.43652,9.36413",37000,498,129
1731620992,2024-11-14T21:49:52Z,SAS957,"57.38672,9.47511",37000,498,129
1731621025,2024-11-14T21:50:25Z,SAS957,"57.33779,9.5838",37000,499,129
1731621058,2024-11-14T21:50:58Z,SAS957,"57.2894,9.69063",36550,500,130
1731621092,2024-11-14T21:51:32Z,SAS957,"57.23914,9.80122",36000,502,130
1731621122,2024-11-14T21:52:02Z,SAS957,"57.19427,9.89945",35500,498,130
1731621155,2024-11-14T21:52:35Z,SAS957,"57.14469,10.00748",34275,502,130
1731621189,2024-11-14T21:53:09Z,SAS957,"57.09439,10.11678",32875,502,130
1731621222,2024-11-14T21:53:42Z,SAS957,"57.0444,10.22467",31700,502,130
1731621256,2024-11-14T21:54:16Z,SAS957,"56.99414,10.33273",30675,500,130
1731621289,2024-11-14T21:54:49Z,SAS957,"56.94526,10.43737",29675,493,130
1731621319,2024-11-14T21:55:19Z,SAS957,"56.90048,10.5327",28700,484,130
1731621352,2024-11-14T21:55:52Z,SAS957,"56.85243,10.6345",27625,475,130
1731621386,2024-11-14T21:56:26Z,SAS957,"56.80531,10.73433",26550,466,130
1731621416,2024-11-14T21:56:56Z,SAS957,"56.76282,10.82375",25575,457,130
1731621449,2024-11-14T21:57:29Z,SAS957,"56.71729,10.91926",24525,450,131
1731621483,2024-11-14T21:58:03Z,SAS957,"56.67192,11.01405",23425,446,130
1731621515,2024-11-14T21:58:35Z,SAS957,"56.6288,11.10392",22375,439,131
1731621548,2024-11-14T21:59:08Z,SAS957,"56.58499,11.19465",21325,434,131
1731621582,2024-11-14T21:59:42Z,SAS957,"56.541,11.28553",20225,428,131
1731621615,2024-11-14T22:00:15Z,SAS957,"56.49798,11.37394",19150,424,131
1731621647,2024-11-14T22:00:47Z,SAS957,"56.45688,11.45823",18125,418,131
1731621679,2024-11-14T22:01:19Z,SAS957,"56.4158,11.54222",17050,415,131
1731621713,2024-11-14T22:01:53Z,SAS957,"56.3736,11.62803",15975,410,131
1731621746,2024-11-14T22:02:26Z,SAS957,"56.33217,11.71203",14875,406,131
1731621776,2024-11-14T22:02:56Z,SAS957,"56.29432,11.78867",13900,402,131
1731621810,2024-11-14T22:03:30Z,SAS957,"56.25317,11.87159",12825,398,131
1731621841,2024-11-14T22:04:01Z,SAS957,"56.21583,11.94652",11850,393,131
1731621853,2024-11-14T22:04:13Z,SAS957,"56.20084,11.97647",11450,391,131
1731621869,2024-11-14T22:04:29Z,SAS957,"56.18211,12.01413",10950,389,131
1731621884,2024-11-14T22:04:44Z,SAS957,"56.16385,12.0505",10550,385,131
1731621899,2024-11-14T22:04:59Z,SAS957,"56.14595,12.08613",10375,374,131
1731621915,2024-11-14T22:05:15Z,SAS957,"56.12892,12.11998",10225,364,132
1731621930,2024-11-14T22:05:30Z,SAS957,"56.11225,12.15302",10100,353,132
1731621945,2024-11-14T22:05:45Z,SAS957,"56.0956,12.18609",9875,344,132
1731621960,2024-11-14T22:06:00Z,SAS957,"56.07948,12.21805",9400,346,132
1731621972,2024-11-14T22:06:12Z,SAS957,"56.06621,12.24426",9075,345,132
1731621987,2024-11-14T22:06:27Z,SAS957,"56.05023,12.27614",8575,350,131
1731622002,2024-11-14T22:06:42Z,SAS957,"56.03407,12.30802",8275,346,132
1731622018,2024-11-14T22:06:58Z,SAS957,"56.01752,12.34065",7950,340,132
1731622033,2024-11-14T22:07:13Z,SAS957,"56.00206,12.37103",7375,334,132
1731622048,2024-11-14T22:07:28Z,SAS957,"55.98651,12.40157",6750,332,132
1731622062,2024-11-14T22:07:42Z,SAS957,"55.97346,12.42728",6225,325,132
1731622078,2024-11-14T22:07:58Z,SAS957,"55.95621,12.46116",5550,321,132
1731622093,2024-11-14T22:08:13Z,SAS957,"55.94147,12.49012",5325,316,132
1731622108,2024-11-14T22:08:28Z,SAS957,"55.92686,12.51875",5200,307,132
1731622123,2024-11-14T22:08:43Z,SAS957,"55.91235,12.54714",5100,297,132
1731622138,2024-11-14T22:08:58Z,SAS957,"55.89876,12.57359",5000,290,132
1731622150,2024-11-14T22:09:10Z,SAS957,"55.8882,12.59419",4900,283,132
1731622159,2024-11-14T22:09:19Z,SAS957,"55.8801,12.60999",4850,277,132
1731622168,2024-11-14T22:09:28Z,SAS957,"55.87276,12.62429",4775,273,132
1731622177,2024-11-14T22:09:37Z,SAS957,"55.86492,12.63951",4600,268,132
1731622186,2024-11-14T22:09:46Z,SAS957,"55.85738,12.65419",4300,266,132
1731622196,2024-11-14T22:09:56Z,SAS957,"55.84964,12.66915",3975,265,132
1731622203,2024-11-14T22:10:03Z,SAS957,"55.84351,12.68131",3825,259,132
1731622212,2024-11-14T22:10:12Z,SAS957,"55.83643,12.69522",3700,252,132
1731622221,2024-11-14T22:10:21Z,SAS957,"55.82931,12.70912",3525,248,132
1731622230,2024-11-14T22:10:30Z,SAS957,"55.82222,12.72275",3450,244,132
1731622240,2024-11-14T22:10:40Z,SAS957,"55.81526,12.73623",3350,238,132
1731622249,2024-11-14T22:10:49Z,SAS957,"55.80864,12.74912",3150,236,132
1731622258,2024-11-14T22:10:58Z,SAS957,"55.80193,12.76208",2900,235,132
1731622267,2024-11-14T22:11:07Z,SAS957,"55.79537,12.7747",2675,231,132
1731622273,2024-11-14T22:11:13Z,SAS957,"55.79081,12.78362",2525,228,132
1731622282,2024-11-14T22:11:22Z,SAS957,"55.78473,12.79524",2400,224,132
1731622291,2024-11-14T22:11:31Z,SAS957,"55.77837,12.80756",2350,217,132
1731622300,2024-11-14T22:11:40Z,SAS957,"55.7721,12.81863",2275,212,137
1731622303,2024-11-14T22:11:43Z,SAS957,"55.76981,12.82155",2250,210,141
1731622306,2024-11-14T22:11:46Z,SAS957,"55.76711,12.82414",2225,208,148
1731622309,2024-11-14T22:11:49Z,SAS957,"55.76451,12.82585",2200,205,158
1731622312,2024-11-14T22:11:52Z,SAS957,"55.76185,12.82697",2175,204,165
1731622315,2024-11-14T22:11:55Z,SAS957,"55.75901,12.82757",2150,200,172
1731622318,2024-11-14T22:11:58Z,SAS957,"55.75658,12.82762",2150,196,178
1731622321,2024-11-14T22:12:01Z,SAS957,"55.75394,12.8274",2150,195,180
1731622324,2024-11-14T22:12:04Z,SAS957,"55.75105,12.82688",2125,187,185
1731622327,2024-11-14T22:12:07Z,SAS957,"55.74852,12.8262",2125,184,187
1731622330,2024-11-14T22:12:10Z,SAS957,"55.74588,12.82551",2125,182,188
1731622333,2024-11-14T22:12:13Z,SAS957,"55.74376,12.82487",2125,180,189
1731622336,2024-11-14T22:12:16Z,SAS957,"55.74124,12.82404",2125,178,189
1731622339,2024-11-14T22:12:19Z,SAS957,"55.73877,12.82329",2100,176,189
1731622342,2024-11-14T22:12:22Z,SAS957,"55.73648,12.82263",2100,174,189
1731622345,2024-11-14T22:12:25Z,SAS957,"55.73424,12.82188",2100,173,189
1731622348,2024-11-14T22:12:28Z,SAS957,"55.73159,12.82104",2100,174,190
1731622351,2024-11-14T22:12:31Z,SAS957,"55.72939,12.82021",2100,173,190
1731622354,2024-11-14T22:12:34Z,SAS957,"55.72669,12.81905",2100,172,194
1731622358,2024-11-14T22:12:38Z,SAS957,"55.72447,12.81753",2075,171,199
1731622360,2024-11-14T22:12:40Z,SAS957,"55.72242,12.81572",2075,170,205
1731622363,2024-11-14T22:12:43Z,SAS957,"55.72042,12.81349",2075,169,208
1731622367,2024-11-14T22:12:47Z,SAS957,"55.71837,12.81075",2075,167,215
1731622370,2024-11-14T22:12:50Z,SAS957,"55.71657,12.80823",2075,167,217
1731622373,2024-11-14T22:12:53Z,SAS957,"55.71465,12.80542",2050,167,219
1731622376,2024-11-14T22:12:56Z,SAS957,"55.71341,12.80357",2050,166,219
1731622379,2024-11-14T22:12:59Z,SAS957,"55.71158,12.80082",2050,167,220
1731622382,2024-11-14T22:13:02Z,SAS957,"55.70967,12.79796",2025,168,220
1731622385,2024-11-14T22:13:05Z,SAS957,"55.70792,12.79533",2000,167,220
1731622388,2024-11-14T22:13:08Z,SAS957,"55.70613,12.7925",1950,167,220
1731622391,2024-11-14T22:13:11Z,SAS957,"55.70422,12.78972",1900,167,220
1731622394,2024-11-14T22:13:14Z,SAS957,"55.70255,12.78714",1875,167,220
1731622397,2024-11-14T22:13:17Z,SAS957,"55.70059,12.78422",1800,167,220
1731622406,2024-11-14T22:13:26Z,SAS957,"55.69528,12.77607",1675,168,220
1731622412,2024-11-14T22:13:32Z,SAS957,"55.69171,12.77061",1575,168,221
1731622422,2024-11-14T22:13:42Z,SAS957,"55.68625,12.76199",1425,167,221
1731622431,2024-11-14T22:13:51Z,SAS957,"55.68091,12.75371",1275,168,221
1731622440,2024-11-14T22:14:00Z,SAS957,"55.67578,12.74569",1175,163,221
1731622449,2024-11-14T22:14:09Z,SAS957,"55.67056,12.7377",1025,159,221
1731622458,2024-11-14T22:14:18Z,SAS957,"55.66563,12.72998",875,151,221
1731622467,2024-11-14T22:14:27Z,SAS957,"55.66102,12.72285",750,146,221
1731622476,2024-11-14T22:14:36Z,SAS957,"55.65711,12.71676",675,140,221
1731622483,2024-11-14T22:14:43Z,SAS957,"55.65315,12.71067",550,137,221
1731622490,2024-11-14T22:14:50Z,SAS957,"55.64994,12.70569",475,136,221
1731622500,2024-11-14T22:15:00Z,SAS957,"55.64552,12.69878",350,135,221
1731622509,2024-11-14T22:15:09Z,SAS957,"55.64131,12.6922",250,136,221
1731622518,2024-11-14T22:15:18Z,SAS957,"55.63701,12.68555",125,136,221
1731622527,2024-11-14T22:15:27Z,SAS957,"55.63284,12.67905",25,136,221
1731622536,2024-11-14T22:15:36Z,SAS957,"55.62849,12.6724",0,136,220
1731622545,2024-11-14T22:15:45Z,SAS957,"55.6241,12.66557",0,135,221
1731622554,2024-11-14T22:15:54Z,SAS957,"55.61982,12.65891",0,127,221
1731622560,2024-11-14T22:16:00Z,SAS957,"55.61797,12.65608",0,114,221
1731622569,2024-11-14T22:16:09Z,SAS957,"55.6144,12.65052",0,90,222
1731622576,2024-11-14T22:16:16Z,SAS957,"55.61241,12.64747",0,80,222
1731622583,2024-11-14T22:16:23Z,SAS957,"55.61048,12.64447",0,72,222
1731622590,2024-11-14T22:16:30Z,SAS957,"55.60903,12.64223",0,55,222
1731622599,2024-11-14T22:16:39Z,SAS957,"55.60798,12.64061",0,32,222
1731622606,2024-11-14T22:16:46Z,SAS957,"55.60743,12.63975",0,19,222
1731622613,2024-11-14T22:16:53Z,SAS957,"55.60712,12.63925",0,11,222
1731622618,2024-11-14T22:16:58Z,SAS957,"55.60695,12.6389",0,11,227
1731622622,2024-11-14T22:17:02Z,SAS957,"55.60686,12.63856",0,12,239
1731622624,2024-11-14T22:17:04Z,SAS957,"55.60685,12.63833",0,12,250
1731622628,2024-11-14T22:17:08Z,SAS957,"55.6069,12.63792",0,13,272
1731622631,2024-11-14T22:17:11Z,SAS957,"55.60701,12.63761",0,13,289
1731622634,2024-11-14T22:17:14Z,SAS957,"55.60712,12.6374",0,13,300
1731622638,2024-11-14T22:17:18Z,SAS957,"55.60726,12.63711",0,14,306
1731622641,2024-11-14T22:17:21Z,SAS957,"55.60737,12.63688",0,14,309
1731622644,2024-11-14T22:17:24Z,SAS957,"55.60754,12.63654",0,12,309
1731622648,2024-11-14T22:17:28Z,SAS957,"55.60765,12.63632",0,12,312
1731622651,2024-11-14T22:17:31Z,SAS957,"55.60777,12.6361",0,12,312
1731622656,2024-11-14T22:17:36Z,SAS957,"55.60799,12.63587",0,10,326
1731622661,2024-11-14T22:17:41Z,SAS957,"55.60821,12.63587",0,10,348
1731622667,2024-11-14T22:17:47Z,SAS957,"55.60849,12.63615",0,11,19
1731622673,2024-11-14T22:17:53Z,SAS957,"55.60874,12.63644",0,11,30
1731622678,2024-11-14T22:17:58Z,SAS957,"55.60897,12.6367",0,12,33
1731622683,2024-11-14T22:18:03Z,SAS957,"55.60921,12.63698",0,12,33
1731622688,2024-11-14T22:18:08Z,SAS957,"55.60949,12.6373",0,13,33
1731622692,2024-11-14T22:18:12Z,SAS957,"55.6097,12.63754",0,14,33
1731622701,2024-11-14T22:18:21Z,SAS957,"55.61019,12.6381",0,15,33
1731622709,2024-11-14T22:18:29Z,SAS957,"55.61071,12.63871",0,17,33
1731622716,2024-11-14T22:18:36Z,SAS957,"55.61118,12.63926",0,17,33
1731622723,2024-11-14T22:18:43Z,SAS957,"55.61172,12.63988",0,18,33
1731622731,2024-11-14T22:18:51Z,SAS957,"55.61234,12.64059",0,18,33
1731622738,2024-11-14T22:18:58Z,SAS957,"55.61286,12.64119",0,19,33
1731622747,2024-11-14T22:19:07Z,SAS957,"55.61347,12.64187",0,19,33
1731622754,2024-11-14T22:19:14Z,SAS957,"55.61395,12.64243",0,17,33
1731622761,2024-11-14T22:19:21Z,SAS957,"55.6144,12.64295",0,15,33
1731622768,2024-11-14T22:19:28Z,SAS957,"55.61485,12.64349",0,15,33
1731622775,2024-11-14T22:19:35Z,SAS957,"55.61521,12.64389",0,14,33
1731622782,2024-11-14T22:19:42Z,SAS957,"55.61559,12.64433",0,13,33
1731622788,2024-11-14T22:19:48Z,SAS957,"55.61591,12.6447",0,13,33
1731622796,2024-11-14T22:19:56Z,SAS957,"55.61627,12.64511",0,13,33
1731622803,2024-11-14T22:20:03Z,SAS957,"55.61658,12.64546",0,10,33
1731622808,2024-11-14T22:20:08Z,SAS957,"55.6168,12.64565",0,10,28
1731622814,2024-11-14T22:20:14Z,SAS957,"55.61709,12.6457",0,10,11
1731622819,2024-11-14T22:20:19Z,SAS957,"55.6173,12.64566",0,10,2
1731622824,2024-11-14T22:20:24Z,SAS957,"55.61753,12.64559",0,10,351
1731622830,2024-11-14T22:20:30Z,SAS957,"55.6178,12.64547",0,10,348
1731622837,2024-11-14T22:20:37Z,SAS957,"55.61807,12.64539",0,9,348
1731622842,2024-11-14T22:20:42Z,SAS957,"55.61831,12.64531",0,10,348
1731622848,2024-11-14T22:20:48Z,SAS957,"55.61858,12.64522",0,10,348
1731622857,2024-11-14T22:20:57Z,SAS957,"55.61898,12.64507",0,10,348
1731622865,2024-11-14T22:21:05Z,SAS957,"55.6194,12.64501",0,11,354
1731622871,2024-11-14T22:21:11Z,SAS957,"55.61969,12.64509",0,10,5
1731622876,2024-11-14T22:21:16Z,SAS957,"55.61992,12.64524",0,11,16
1731622882,2024-11-14T22:21:22Z,SAS957,"55.62014,12.64547",0,12,25
1731622886,2024-11-14T22:21:26Z,SAS957,"55.62036,12.64574",0,12,30
1731622891,2024-11-14T22:21:31Z,SAS957,"55.62058,12.64597",0,11,33
1731622896,2024-11-14T22:21:36Z,SAS957,"55.6208,12.64623",0,12,33
1731622901,2024-11-14T22:21:41Z,SAS957,"55.62103,12.64651",0,12,33
1731622905,2024-11-14T22:21:45Z,SAS957,"55.62122,12.64672",0,12,33
1731622912,2024-11-14T22:21:52Z,SAS957,"55.62156,12.64711",0,12,33
1731622918,2024-11-14T22:21:58Z,SAS957,"55.62186,12.64745",0,11,33
1731622925,2024-11-14T22:22:05Z,SAS957,"55.62216,12.6478",0,11,33
1731622931,2024-11-14T22:22:11Z,SAS957,"55.62238,12.64793",0,10,22
1731622936,2024-11-14T22:22:16Z,SAS957,"55.62262,12.64795",0,10,8
1731622941,2024-11-14T22:22:21Z,SAS957,"55.62286,12.64788",0,10,357
1731622946,2024-11-14T22:22:26Z,SAS957,"55.6231,12.64786",0,10,357
1731622951,2024-11-14T22:22:31Z,SAS957,"55.62334,12.64786",0,10,357
1731622956,2024-11-14T22:22:36Z,SAS957,"55.62358,12.64784",0,10,357
1731622962,2024-11-14T22:22:42Z,SAS957,"55.6238,12.64784",0,8,357
1731622970,2024-11-14T22:22:50Z,SAS957,"55.62405,12.64784",0,6,357
1731622978,2024-11-14T22:22:58Z,SAS957,"55.62421,12.64811",0,8,30
1731622981,2024-11-14T22:23:01Z,SAS957,"55.62422,12.64837",0,8,56
1731622986,2024-11-14T22:23:06Z,SAS957,"55.62421,12.64859",0,6,70
1731622994,2024-11-14T22:23:14Z,SAS957,"55.6242,12.64884",0,3,81
1731623001,2024-11-14T22:23:21Z,SAS957,"55.6242,12.64906",0,4,84
1731623010,2024-11-14T22:23:30Z,SAS957,"55.62421,12.64928",0,2,87
1731623035,2024-11-14T22:23:55Z,SAS957,"55.62421,12.64949",0,1,87
